rfq_id,timestamp,bond_name,tenor,coupon,mid_price_cbbt,spread_price_cbbt,best_bid_mts,best_ask_mts,ytm,dv01,tier,side,volume_meur,num_dealers,quoted_price,won,closed_away,cover_price
RFQ_0001,2025-11-03 00:02:20,ESP 5Y,5,3.25,99.3187,0.05506,99.2804,99.3706,3.4005,0.04507,2,1,4.08,8,99.3386,0,0,
RFQ_0002,2025-11-03 00:10:31,ESP 2Y,2,2.75,99.5158,0.03449,99.4986,99.5368,3.0031,0.01906,3,1,12.49,10,99.5277,0,1,99.5265
RFQ_0003,2025-11-03 00:13:55,ESP 5Y,5,3.25,99.3184,0.09758,99.2788,99.369,3.4005,0.04507,3,2,2.77,1,99.281,1,0,
RFQ_0004,2025-11-03 00:19:58,ESP 10Y,10,3.5,99.1931,0.10013,99.1289,99.2935,3.5975,0.08229,2,1,5.41,15,99.2365,0,1,99.2216
RFQ_0005,2025-11-03 00:26:35,ESP 5Y,5,3.25,99.3133,0.08503,99.275,99.3652,3.4017,0.04507,2,1,7.39,6,99.3342,0,1,99.3257
RFQ_0006,2025-11-03 00:31:27,ESP 10Y,10,3.5,99.1675,0.12087,99.0822,99.2468,3.6006,0.08229,1,1,8.34,2,99.1826,0,1,99.1645
RFQ_0007,2025-11-03 00:36:46,ESP 5Y,5,3.25,99.3166,0.06629,99.2591,99.3493,3.4009,0.04507,1,2,68.54,12,99.317,0,0,
RFQ_0008,2025-11-03 00:58:14,ESP 5Y,5,3.25,99.3219,0.05626,99.2681,99.3583,3.3998,0.04507,3,2,3.59,4,99.2902,0,1,99.2972
RFQ_0009,2025-11-03 01:04:35,ESP 10Y,10,3.5,99.1763,0.18814,99.0623,99.2269,3.5995,0.08229,2,2,5.49,3,99.138,0,1,99.1476
RFQ_0010,2025-11-03 01:07:19,ESP 10Y,10,3.5,99.1312,0.16527,99.0482,99.2128,3.605,0.08229,3,2,2.12,2,99.0935,0,0,
RFQ_0011,2025-11-03 01:13:31,ESP 15Y,15,3.75,99.4907,0.26786,99.3615,99.5861,3.7952,0.11228,3,1,2.51,15,99.586,0,1,99.5667
RFQ_0012,2025-11-03 01:14:30,ESP 15Y,15,3.75,99.4063,0.15788,99.3075,99.5321,3.8027,0.11228,3,2,1.45,2,99.3076,0,1,99.3184
RFQ_0013,2025-11-03 01:24:49,ESP 10Y,10,3.5,99.1465,0.11893,99.0802,99.2448,3.6032,0.08229,3,1,4.09,4,99.2131,0,1,99.2065
RFQ_0014,2025-11-03 01:49:33,ESP 5Y,5,3.25,99.3312,0.04835,99.2785,99.3687,3.3977,0.04507,3,1,2.63,1,99.3645,1,0,
RFQ_0015,2025-11-03 01:57:09,ESP 15Y,15,3.75,99.4911,0.20592,99.3638,99.5884,3.7951,0.11228,3,1,2.2,5,99.5734,0,1,99.5671
RFQ_0016,2025-11-03 02:02:02,ESP 30Y,30,4.0,101.6965,0.33713,101.5669,101.9209,3.903,0.17696,2,2,12.33,4,101.5815,0,1,101.6141
RFQ_0017,2025-11-03 02:18:12,ESP 2Y,2,2.75,99.523,0.03719,99.5008,99.539,2.9993,0.01906,1,1,108.76,15,99.5241,0,1,99.5189
RFQ_0018,2025-11-03 02:19:01,ESP 5Y,5,3.25,99.327,0.1018,99.2814,99.3716,3.3986,0.04507,3,1,0.99,5,99.3611,0,0,
RFQ_0019,2025-11-03 02:19:44,ESP 2Y,2,2.75,99.5123,0.03679,99.4961,99.5343,3.0049,0.01906,2,2,8.0,12,99.4978,0,0,
RFQ_0020,2025-11-03 02:22:20,ESP 5Y,5,3.25,99.3156,0.08559,99.263,99.3532,3.4012,0.04507,2,2,7.36,15,99.2945,0,1,99.297
RFQ_0021,2025-11-03 02:25:53,ESP 2Y,2,2.75,99.519,0.02519,99.4994,99.5376,3.0014,0.01906,3,1,4.25,2,99.5356,0,1,99.5333
RFQ_0022,2025-11-03 02:26:53,ESP 5Y,5,3.25,99.3251,0.07571,99.2812,99.3714,3.3991,0.04507,2,1,7.29,15,99.34,0,1,99.3311
RFQ_0023,2025-11-03 02:38:36,ESP 15Y,15,3.75,99.4566,0.20178,99.3362,99.5608,3.7982,0.11228,2,2,21.15,4,99.4038,0,0,
RFQ_0024,2025-11-03 02:40:00,ESP 30Y,30,4.0,101.7498,0.31185,101.5405,101.8945,3.9,0.17696,2,1,3.26,10,101.8605,0,0,
RFQ_0025,2025-11-03 02:53:40,ESP 2Y,2,2.75,99.514,0.04656,99.496,99.5342,3.004,0.01906,3,1,2.34,15,99.5229,0,0,
RFQ_0026,2025-11-03 03:11:18,ESP 30Y,30,4.0,101.7531,0.22408,101.6,101.954,3.8998,0.17696,1,1,32.9,15,101.7324,0,0,
RFQ_0027,2025-11-03 03:12:12,ESP 10Y,10,3.5,99.1808,0.20432,99.1032,99.2678,3.599,0.08229,3,1,4.2,2,99.2238,0,1,99.2115
RFQ_0028,2025-11-03 03:13:56,ESP 10Y,10,3.5,99.2238,0.09884,99.1435,99.3081,3.5938,0.08229,2,1,7.24,7,99.243,0,1,99.2344
RFQ_0029,2025-11-03 03:21:15,ESP 10Y,10,3.5,99.1545,0.13267,99.08,99.2446,3.6022,0.08229,1,1,14.33,8,99.1674,0,0,
RFQ_0030,2025-11-03 03:23:56,ESP 15Y,15,3.75,99.4011,0.25591,99.3159,99.5405,3.8031,0.11228,3,1,2.42,7,99.4744,0,1,99.4743
RFQ_0031,2025-11-03 03:35:24,ESP 5Y,5,3.25,99.2892,0.04894,99.2492,99.3394,3.407,0.04507,3,2,7.61,8,99.2828,0,0,
RFQ_0032,2025-11-03 03:56:14,ESP 10Y,10,3.5,99.1579,0.09707,99.0561,99.2207,3.6018,0.08229,1,2,12.01,5,99.1365,0,1,99.1417
RFQ_0033,2025-11-03 04:03:02,ESP 15Y,15,3.75,99.3951,0.14593,99.2772,99.5018,3.8037,0.11228,3,2,2.14,2,99.2884,0,1,99.2974
RFQ_0034,2025-11-03 04:06:06,ESP 15Y,15,3.75,99.4393,0.2674,99.326,99.5506,3.7997,0.11228,2,2,3.74,4,99.3806,0,1,99.3942
RFQ_0035,2025-11-03 04:08:29,ESP 15Y,15,3.75,99.4021,0.15495,99.2693,99.4939,3.803,0.11228,1,2,56.81,3,99.4295,0,0,
RFQ_0036,2025-11-03 04:14:10,ESP 15Y,15,3.75,99.4626,0.22233,99.3383,99.5629,3.7977,0.11228,2,1,49.7,2,99.5162,0,1,99.4853
RFQ_0037,2025-11-03 04:20:33,ESP 2Y,2,2.75,99.533,0.03309,99.5151,99.5533,2.994,0.01906,2,1,3.86,3,99.5383,0,0,
RFQ_0038,2025-11-03 04:21:53,ESP 2Y,2,2.75,99.5173,0.04121,99.4977,99.5359,3.0023,0.01906,3,2,2.53,2,99.5082,0,1,99.5107
RFQ_0039,2025-11-03 04:34:37,ESP 15Y,15,3.75,99.4215,0.14347,99.3225,99.5471,3.8013,0.11228,1,2,26.65,15,99.3942,0,1,99.4034
RFQ_0040,2025-11-03 04:35:40,ESP 5Y,5,3.25,99.3124,0.05323,99.2658,99.356,3.4019,0.04507,1,1,10.21,12,99.3207,0,0,
RFQ_0041,2025-11-03 04:39:32,ESP 30Y,30,4.0,101.6949,0.35423,101.5193,101.8733,3.9031,0.17696,2,1,9.7,4,101.7802,0,0,
RFQ_0042,2025-11-03 04:40:25,ESP 10Y,10,3.5,99.1636,0.14001,99.0925,99.2571,3.6011,0.08229,2,1,9.67,2,99.1646,0,1,99.1527
RFQ_0043,2025-11-03 04:51:27,ESP 15Y,15,3.75,99.4139,0.11611,99.2952,99.5198,3.802,0.11228,3,1,3.03,2,99.505,0,1,99.4891
RFQ_0044,2025-11-03 04:52:49,ESP 5Y,5,3.25,99.3207,0.06674,99.2836,99.3738,3.4,0.04507,2,2,4.84,1,99.2938,1,0,
RFQ_0045,2025-11-03 05:13:58,ESP 30Y,30,4.0,101.6855,0.25347,101.5568,101.9108,3.9037,0.17696,3,1,1.23,2,101.7863,0,0,
RFQ_0046,2025-11-03 05:15:22,ESP 10Y,10,3.5,99.1582,0.09276,99.0682,99.2328,3.6017,0.08229,3,2,4.11,10,99.0895,0,0,
RFQ_0047,2025-11-03 05:26:58,ESP 15Y,15,3.75,99.4141,0.2806,99.3007,99.5253,3.802,0.11228,1,2,61.42,15,99.3925,0,1,99.4172
RFQ_0048,2025-11-03 05:31:37,ESP 30Y,30,4.0,101.7157,0.38509,101.5337,101.8877,3.902,0.17696,2,1,5.62,15,101.8243,0,1,101.8001
RFQ_0049,2025-11-03 05:35:45,ESP 30Y,30,4.0,101.7673,0.23327,101.5341,101.8881,3.899,0.17696,3,2,2.77,5,101.7617,0,1,101.7815
RFQ_0050,2025-11-03 05:40:20,ESP 15Y,15,3.75,99.5341,0.12349,99.4156,99.6402,3.7913,0.11228,1,2,16.11,4,99.5155,0,1,99.5297
RFQ_0051,2025-11-03 05:44:27,ESP 15Y,15,3.75,99.4321,0.21261,99.3376,99.5622,3.8004,0.11228,3,1,1.41,7,99.5213,0,0,
RFQ_0052,2025-11-03 05:44:31,ESP 30Y,30,4.0,101.7798,0.40273,101.5974,101.9514,3.8983,0.17696,1,2,22.13,8,101.8046,0,1,101.8389
RFQ_0053,2025-11-03 05:52:44,ESP 5Y,5,3.25,99.3314,0.10326,99.2868,99.377,3.3977,0.04507,3,1,5.01,8,99.3622,0,1,99.3526
RFQ_0054,2025-11-03 05:54:08,ESP 5Y,5,3.25,99.3213,0.07915,99.2762,99.3664,3.3999,0.04507,2,1,4.78,3,99.3455,0,1,99.3341
RFQ_0055,2025-11-03 05:54:44,ESP 2Y,2,2.75,99.5152,0.04289,99.4969,99.5351,3.0034,0.01906,3,1,4.13,12,99.5263,0,0,
RFQ_0056,2025-11-03 06:07:02,ESP 15Y,15,3.75,99.5186,0.18916,99.4311,99.6557,3.7927,0.11228,3,1,4.1,3,99.638,0,1,99.6218
RFQ_0057,2025-11-03 06:11:23,ESP 30Y,30,4.0,101.6823,0.38954,101.5117,101.8657,3.9038,0.17696,2,2,7.58,12,101.6334,0,0,
RFQ_0058,2025-11-03 06:17:42,ESP 10Y,10,3.5,99.1299,0.12006,99.0505,99.2151,3.6052,0.08229,1,2,12.47,10,99.1214,0,1,99.1352
RFQ_0059,2025-11-03 06:21:33,ESP 15Y,15,3.75,99.3871,0.24377,99.2669,99.4915,3.8044,0.11228,2,1,3.7,2,99.3942,0,1,99.3694
RFQ_0060,2025-11-03 06:27:34,ESP 30Y,30,4.0,101.7595,0.28524,101.5787,101.9327,3.8995,0.17696,2,2,1.85,8,101.7025,0,1,101.7095
RFQ_0061,2025-11-03 06:31:55,ESP 5Y,5,3.25,99.3206,0.065,99.2748,99.365,3.4,0.04507,3,2,1.38,15,99.3014,0,1,99.3059
RFQ_0062,2025-11-03 06:38:07,ESP 15Y,15,3.75,99.3639,0.20167,99.2337,99.4583,3.8064,0.11228,3,2,1.63,5,99.3346,0,1,99.3391
RFQ_0063,2025-11-03 06:39:25,ESP 15Y,15,3.75,99.4801,0.16643,99.3929,99.6175,3.7961,0.11228,3,1,3.23,12,99.5905,0,1,99.5686
RFQ_0064,2025-11-03 06:45:54,ESP 15Y,15,3.75,99.4058,0.27277,99.3,99.5246,3.8027,0.11228,2,1,10.56,15,99.4664,0,0,
RFQ_0065,2025-11-03 06:45:58,ESP 10Y,10,3.5,99.1587,0.1027,99.0769,99.2415,3.6017,0.08229,1,2,9.24,7,99.1694,0,0,
RFQ_0066,2025-11-03 06:54:27,ESP 30Y,30,4.0,101.7651,0.20631,101.5268,101.8808,3.8992,0.17696,3,1,4.91,12,101.8597,0,0,
RFQ_0067,2025-11-03 06:55:28,ESP 15Y,15,3.75,99.4252,0.1467,99.3438,99.5684,3.801,0.11228,1,2,97.35,5,99.4118,0,1,99.4207
RFQ_0068,2025-11-03 06:59:47,ESP 5Y,5,3.25,99.328,0.06186,99.2702,99.3604,3.3984,0.04507,1,2,12.01,12,99.3108,0,1,99.3179
RFQ_0069,2025-11-03 07:02:53,ESP 5Y,5,3.25,99.332,0.05763,99.2841,99.3743,3.3975,0.04507,2,1,3.3,1,99.3506,1,0,
RFQ_0070,2025-11-03 07:07:34,ESP 30Y,30,4.0,101.7656,0.26082,101.5944,101.9484,3.8991,0.17696,3,1,8.8,2,101.8353,0,0,
RFQ_0071,2025-11-03 07:15:24,ESP 2Y,2,2.75,99.5126,0.02741,99.492,99.5302,3.0047,0.01906,2,1,1.92,2,99.5212,0,0,
RFQ_0072,2025-11-03 07:22:29,ESP 5Y,5,3.25,99.3067,0.07624,99.2588,99.349,3.4031,0.04507,2,1,2.17,15,99.3314,0,1,99.3231
RFQ_0073,2025-11-03 07:41:31,ESP 10Y,10,3.5,99.1366,0.15886,99.0697,99.2343,3.6044,0.08229,3,2,1.34,8,99.1011,0,1,99.1066
RFQ_0074,2025-11-03 07:41:39,ESP 10Y,10,3.5,99.2203,0.11014,99.1261,99.2907,3.5942,0.08229,2,2,8.57,7,99.193,0,1,99.2267
RFQ_0075,2025-11-03 07:46:03,ESP 5Y,5,3.25,99.3269,0.07766,99.2929,99.3831,3.3987,0.04507,1,2,18.56,3,99.3268,0,1,99.339
RFQ_0076,2025-11-03 07:50:47,ESP 2Y,2,2.75,99.5207,0.04167,99.5018,99.54,3.0005,0.01906,3,2,1.02,2,99.5087,0,0,
RFQ_0077,2025-11-03 07:52:02,ESP 10Y,10,3.5,99.1779,0.08383,99.0885,99.2531,3.5993,0.08229,2,1,9.48,2,99.2148,0,1,99.1906
RFQ_0078,2025-11-03 07:56:03,ESP 2Y,2,2.75,99.5211,0.04745,99.5046,99.5428,3.0003,0.01906,1,2,16.73,12,99.5196,0,1,99.5232
RFQ_0079,2025-11-03 07:57:49,ESP 15Y,15,3.75,99.4174,0.2281,99.2788,99.5034,3.8017,0.11228,2,2,13.91,1,99.3575,1,0,
RFQ_0080,2025-11-03 07:58:26,ESP 30Y,30,4.0,101.7864,0.26249,101.6353,101.9893,3.898,0.17696,2,2,3.72,4,101.6964,0,0,
RFQ_0081,2025-11-04 00:03:06,ESP 30Y,30,4.0,101.8466,0.35044,101.6881,102.0421,3.8946,0.17696,2,2,1.04,15,101.8178,0,0,
RFQ_0082,2025-11-04 00:08:51,ESP 10Y,10,3.5,99.1671,0.15764,99.0873,99.2519,3.6007,0.08229,3,2,1.74,2,99.1539,0,1,99.17
RFQ_0083,2025-11-04 00:14:18,ESP 30Y,30,4.0,101.8165,0.41846,101.6511,102.0051,3.8963,0.17696,1,1,48.5,8,101.8814,0,0,
RFQ_0084,2025-11-04 00:28:33,ESP 5Y,5,3.25,99.3825,0.05829,99.3311,99.4213,3.3863,0.04507,2,1,5.01,3,99.3996,0,1,99.3968
RFQ_0085,2025-11-04 00:34:05,ESP 30Y,30,4.0,101.8997,0.37246,101.7125,102.0665,3.8916,0.17696,2,1,1.81,10,101.975,0,1,101.9166
RFQ_0086,2025-11-04 00:34:57,ESP 5Y,5,3.25,99.3774,0.05889,99.3252,99.4154,3.3875,0.04507,3,2,2.43,3,99.3549,0,1,99.3589
RFQ_0087,2025-11-04 00:39:40,ESP 15Y,15,3.75,99.592,0.22724,99.4619,99.6865,3.7861,0.11228,2,1,14.49,2,99.6864,0,1,99.6504
RFQ_0088,2025-11-04 00:49:38,ESP 10Y,10,3.5,99.1678,0.15765,99.0795,99.2441,3.6006,0.08229,3,2,1.14,2,99.1565,0,0,
RFQ_0089,2025-11-04 00:50:51,ESP 5Y,5,3.25,99.3586,0.1026,99.2977,99.3879,3.3916,0.04507,2,1,2.78,12,99.3779,0,0,
RFQ_0090,2025-11-04 01:14:45,ESP 10Y,10,3.5,99.148,0.15233,99.0626,99.2272,3.603,0.08229,2,1,14.73,15,99.1871,0,0,
RFQ_0091,2025-11-04 01:30:28,ESP 5Y,5,3.25,99.3414,0.10911,99.2981,99.3883,3.3954,0.04507,3,2,4.76,2,99.3123,0,1,99.3167
RFQ_0092,2025-11-04 01:31:53,ESP 5Y,5,3.25,99.3414,0.10765,99.3035,99.3937,3.3954,0.04507,3,1,1.33,15,99.3908,0,0,
RFQ_0093,2025-11-04 01:40:47,ESP 10Y,10,3.5,99.1352,0.13739,99.0381,99.2027,3.6045,0.08229,3,1,1.92,12,99.1879,0,1,99.1763
RFQ_0094,2025-11-04 01:41:38,ESP 10Y,10,3.5,99.1684,0.19626,99.1056,99.2702,3.6005,0.08229,3,2,7.28,2,99.1172,0,0,
RFQ_0095,2025-11-04 01:55:19,ESP 30Y,30,4.0,101.8497,0.36493,101.6512,102.0052,3.8944,0.17696,2,1,8.52,2,101.9197,0,1,101.9127
RFQ_0096,2025-11-04 02:04:14,ESP 10Y,10,3.5,99.1276,0.13762,99.0523,99.2169,3.6055,0.08229,3,1,7.51,6,99.1988,0,1,99.1903
RFQ_0097,2025-11-04 02:16:42,ESP 15Y,15,3.75,99.6152,0.26877,99.5402,99.7648,3.7841,0.11228,1,1,25.2,6,99.6453,0,0,
RFQ_0098,2025-11-04 02:37:24,ESP 2Y,2,2.75,99.5299,0.02484,99.5113,99.5495,2.9957,0.01906,3,2,2.16,6,99.5143,0,0,
RFQ_0099,2025-11-04 02:39:26,ESP 5Y,5,3.25,99.3379,0.05115,99.2834,99.3736,3.3962,0.04507,1,2,21.93,2,99.337,0,0,
RFQ_0100,2025-11-04 02:44:00,ESP 5Y,5,3.25,99.369,0.04602,99.3275,99.4177,3.3893,0.04507,2,1,1.52,2,99.3875,0,1,99.3845
RFQ_0101,2025-11-04 02:52:20,ESP 5Y,5,3.25,99.3484,0.09407,99.2952,99.3854,3.3939,0.04507,3,2,10.66,4,99.3352,0,0,
RFQ_0102,2025-11-04 02:52:43,ESP 2Y,2,2.75,99.5191,0.03941,99.4985,99.5367,3.0013,0.01906,2,1,4.8,4,99.5281,1,0,
RFQ_0103,2025-11-04 02:59:44,ESP 5Y,5,3.25,99.3643,0.07764,99.3175,99.4077,3.3904,0.04507,3,2,0.43,5,99.346,0,1,99.3553
RFQ_0104,2025-11-04 03:05:26,ESP 10Y,10,3.5,99.1628,0.09337,99.0671,99.2317,3.6012,0.08229,3,1,8.45,15,99.1684,0,1,99.1576
RFQ_0105,2025-11-04 03:12:49,ESP 5Y,5,3.25,99.3336,0.04511,99.2904,99.3806,3.3972,0.04507,3,2,2.39,1,99.3084,1,0,
RFQ_0106,2025-11-04 03:22:26,ESP 2Y,2,2.75,99.5197,0.02558,99.5002,99.5384,3.001,0.01906,1,2,15.24,6,99.5187,0,0,
RFQ_0107,2025-11-04 03:31:43,ESP 10Y,10,3.5,99.1547,0.11681,99.0737,99.2383,3.6022,0.08229,3,1,0.8,8,99.173,0,0,
RFQ_0108,2025-11-04 03:35:30,ESP 10Y,10,3.5,99.1769,0.20452,99.1006,99.2652,3.5995,0.08229,3,2,7.07,15,99.1374,0,0,
RFQ_0109,2025-11-04 03:40:39,ESP 5Y,5,3.25,99.3321,0.05394,99.2946,99.3848,3.3975,0.04507,3,2,2.68,12,99.317,0,1,99.3263
RFQ_0110,2025-11-04 03:47:50,ESP 10Y,10,3.5,99.1279,0.15192,99.0357,99.2003,3.6054,0.08229,1,1,15.11,3,99.1437,0,1,99.1335
RFQ_0111,2025-11-04 03:49:10,ESP 30Y,30,4.0,101.7782,0.2749,101.6206,101.9746,3.8984,0.17696,2,1,20.8,15,101.9058,0,1,101.8934
RFQ_0112,2025-11-04 03:55:07,ESP 10Y,10,3.5,99.1577,0.18798,99.0765,99.2411,3.6018,0.08229,2,2,4.14,8,99.1172,0,0,
RFQ_0113,2025-11-04 03:57:24,ESP 5Y,5,3.25,99.3946,0.09558,99.3499,99.4401,3.3836,0.04507,3,2,1.97,7,99.3794,0,1,99.3848
RFQ_0114,2025-11-04 04:02:03,ESP 10Y,10,3.5,99.1826,0.12787,99.0795,99.2441,3.5988,0.08229,3,2,2.41,6,99.1511,0,0,
RFQ_0115,2025-11-04 04:03:41,ESP 15Y,15,3.75,99.5682,0.21821,99.443,99.6676,3.7883,0.11228,3,2,3.54,12,99.4733,0,1,99.478
RFQ_0116,2025-11-04 04:09:04,ESP 15Y,15,3.75,99.5946,0.17885,99.455,99.6796,3.7859,0.11228,2,1,5.13,3,99.6078,0,0,
RFQ_0117,2025-11-04 04:17:50,ESP 5Y,5,3.25,99.3434,0.07001,99.2985,99.3887,3.395,0.04507,2,1,7.47,3,99.3541,0,1,99.3446
RFQ_0118,2025-11-04 04:24:09,ESP 2Y,2,2.75,99.511,0.03661,99.4832,99.5214,3.0056,0.01906,2,2,2.29,2,99.4995,0,1,99.5001
RFQ_0119,2025-11-04 04:30:59,ESP 5Y,5,3.25,99.3425,0.06288,99.3036,99.3938,3.3952,0.04507,2,2,2.45,6,99.3185,0,1,99.3287
RFQ_0120,2025-11-04 04:31:52,ESP 10Y,10,3.5,99.2212,0.16999,99.1338,99.2984,3.5941,0.08229,1,2,18.08,6,99.214,0,1,99.2294
RFQ_0121,2025-11-04 04:35:37,ESP 30Y,30,4.0,101.8214,0.31511,101.605,101.959,3.896,0.17696,3,1,2.96,8,101.9554,0,1,101.931
RFQ_0122,2025-11-04 04:37:34,ESP 10Y,10,3.5,99.1405,0.11406,99.0579,99.2225,3.6039,0.08229,1,1,29.37,7,99.1499,0,0,
RFQ_0123,2025-11-04 04:37:54,ESP 2Y,2,2.75,99.5243,0.03851,99.5062,99.5444,2.9986,0.01906,1,2,3.28,12,99.5222,0,0,
RFQ_0124,2025-11-04 04:38:12,ESP 10Y,10,3.5,99.1808,0.11566,99.0931,99.2577,3.599,0.08229,3,2,5.43,6,99.1368,0,0,
RFQ_0125,2025-11-04 04:39:13,ESP 2Y,2,2.75,99.5337,0.0235,99.5106,99.5488,2.9937,0.01906,2,1,16.76,2,99.5419,0,1,99.5386
RFQ_0126,2025-11-04 04:49:09,ESP 30Y,30,4.0,101.7898,0.2502,101.6232,101.9772,3.8978,0.17696,1,1,31.2,3,101.8092,0,1,101.7728
RFQ_0127,2025-11-04 04:56:32,ESP 30Y,30,4.0,101.8991,0.26931,101.6995,102.0535,3.8916,0.17696,2,1,7.56,15,101.9625,0,1,101.9521
RFQ_0128,2025-11-04 04:57:27,ESP 30Y,30,4.0,101.7607,0.31729,101.5539,101.9079,3.8994,0.17696,3,1,0.55,6,101.9078,0,1,101.8759
RFQ_0129,2025-11-04 05:00:47,ESP 5Y,5,3.25,99.3519,0.07294,99.3074,99.3976,3.3931,0.04507,2,2,7.63,6,99.3515,0,1,99.359
RFQ_0130,2025-11-04 05:02:06,ESP 30Y,30,4.0,101.9127,0.41317,101.758,102.112,3.8908,0.17696,2,1,6.11,7,101.9551,0,1,101.9414
RFQ_0131,2025-11-04 05:10:00,ESP 10Y,10,3.5,99.1552,0.17027,99.0665,99.2311,3.6021,0.08229,2,1,3.84,2,99.1817,0,1,99.1638
RFQ_0132,2025-11-04 05:46:20,ESP 2Y,2,2.75,99.5284,0.02645,99.5114,99.5496,2.9965,0.01906,1,2,34.5,12,99.5288,0,1,99.5299
RFQ_0133,2025-11-04 05:49:37,ESP 10Y,10,3.5,99.1607,0.1474,99.0602,99.2248,3.6014,0.08229,3,2,4.73,4,99.102,0,1,99.1086
RFQ_0134,2025-11-04 05:49:40,ESP 2Y,2,2.75,99.5274,0.03992,99.5053,99.5435,2.997,0.01906,3,1,6.19,6,99.5423,0,0,
RFQ_0135,2025-11-04 05:59:51,ESP 5Y,5,3.25,99.3373,0.09551,99.2934,99.3836,3.3963,0.04507,2,2,49.39,10,99.3174,0,1,99.3211
RFQ_0136,2025-11-04 06:15:27,ESP 15Y,15,3.75,99.6422,0.18777,99.5204,99.745,3.7817,0.11228,2,1,6.24,3,99.6398,0,1,99.6222
RFQ_0137,2025-11-04 06:19:53,ESP 10Y,10,3.5,99.1901,0.08424,99.0815,99.2461,3.5979,0.08229,2,1,16.2,7,99.246,0,0,
RFQ_0138,2025-11-04 06:24:59,ESP 10Y,10,3.5,99.1686,0.15447,99.0866,99.2512,3.6005,0.08229,2,1,20.52,2,99.2292,0,1,99.2202
RFQ_0139,2025-11-04 06:25:22,ESP 10Y,10,3.5,99.1628,0.18183,99.0912,99.2558,3.6012,0.08229,3,1,3.6,15,99.2057,0,0,
RFQ_0140,2025-11-04 06:33:30,ESP 10Y,10,3.5,99.1798,0.08774,99.104,99.2686,3.5991,0.08229,2,2,11.62,7,99.1654,0,0,
RFQ_0141,2025-11-04 06:36:29,ESP 10Y,10,3.5,99.2075,0.13778,99.1284,99.293,3.5958,0.08229,2,2,1.2,10,99.1764,0,0,
RFQ_0142,2025-11-04 06:42:18,ESP 5Y,5,3.25,99.3593,0.05656,99.3164,99.4066,3.3915,0.04507,2,1,64.28,15,99.3708,0,0,
RFQ_0143,2025-11-04 06:51:04,ESP 2Y,2,2.75,99.5295,0.02786,99.513,99.5512,2.9959,0.01906,3,2,2.02,4,99.5132,0,1,99.5162
RFQ_0144,2025-11-04 06:54:01,ESP 15Y,15,3.75,99.5672,0.27664,99.4617,99.6863,3.7884,0.11228,3,1,4.43,10,99.654,0,1,99.6407
RFQ_0145,2025-11-04 06:54:14,ESP 30Y,30,4.0,101.7573,0.2397,101.5717,101.9257,3.8996,0.17696,1,1,37.53,3,101.7923,0,0,
RFQ_0146,2025-11-04 06:57:18,ESP 5Y,5,3.25,99.3625,0.04961,99.3215,99.4117,3.3908,0.04507,3,1,0.82,8,99.3744,0,1,99.3586
RFQ_0147,2025-11-04 07:10:49,ESP 5Y,5,3.25,99.3658,0.07431,99.3209,99.4111,3.39,0.04507,3,2,1.09,5,99.3339,0,1,99.346
RFQ_0148,2025-11-04 07:13:52,ESP 10Y,10,3.5,99.1543,0.15555,99.0684,99.233,3.6022,0.08229,2,1,2.49,5,99.1962,0,0,
RFQ_0149,2025-11-04 07:15:39,ESP 15Y,15,3.75,99.6279,0.15845,99.5149,99.7395,3.783,0.11228,1,2,276.67,5,99.6112,0,1,99.6366
RFQ_0150,2025-11-04 07:22:14,ESP 10Y,10,3.5,99.1801,0.15174,99.0972,99.2618,3.5991,0.08229,2,2,12.43,15,99.1219,0,0,
RFQ_0151,2025-11-04 07:22:25,ESP 10Y,10,3.5,99.1832,0.1714,99.1101,99.2747,3.5987,0.08229,3,1,0.96,2,99.2391,0,1,99.2175
RFQ_0152,2025-11-04 07:23:06,ESP 30Y,30,4.0,101.7626,0.23745,101.5865,101.9405,3.8993,0.17696,2,1,4.42,4,101.8228,1,0,
RFQ_0153,2025-11-04 07:24:48,ESP 5Y,5,3.25,99.3394,0.11182,99.2917,99.3819,3.3959,0.04507,1,2,9.17,4,99.3345,0,0,
RFQ_0154,2025-11-04 07:27:44,ESP 10Y,10,3.5,99.122,0.13796,99.0584,99.223,3.6061,0.08229,2,2,4.47,7,99.0897,0,0,
RFQ_0155,2025-11-04 07:29:44,ESP 30Y,30,4.0,101.9548,0.18768,101.7584,102.1124,3.8885,0.17696,2,2,11.59,1,101.8715,1,0,
RFQ_0156,2025-11-04 07:35:39,ESP 10Y,10,3.5,99.1265,0.16639,99.0352,99.1998,3.6056,0.08229,1,2,14.11,3,99.1284,0,1,99.1312
RFQ_0157,2025-11-04 07:47:29,ESP 5Y,5,3.25,99.3389,0.11119,99.2983,99.3885,3.396,0.04507,1,1,23.18,15,99.3389,0,1,99.3357
RFQ_0158,2025-11-04 07:52:49,ESP 30Y,30,4.0,101.8718,0.2484,101.6651,102.0191,3.8932,0.17696,2,2,8.81,6,101.7487,0,1,101.7908
RFQ_0159,2025-11-04 07:53:34,ESP 2Y,2,2.75,99.529,0.04409,99.5107,99.5489,2.9961,0.01906,3,1,3.3,15,99.5413,0,1,99.5398
RFQ_0160,2025-11-04 07:59:53,ESP 10Y,10,3.5,99.1926,0.14183,99.1178,99.2824,3.5976,0.08229,1,1,10.33,15,99.1903,0,1,99.1752
RFQ_0161,2025-11-05 00:03:35,ESP 5Y,5,3.25,99.3825,0.04913,99.3275,99.4177,3.3863,0.04507,3,2,1.4,4,99.3452,0,1,99.3467
RFQ_0162,2025-11-05 00:04:08,ESP 2Y,2,2.75,99.5074,0.04728,99.4907,99.5289,3.0075,0.01906,3,1,2.63,7,99.5198,0,1,99.5183
RFQ_0163,2025-11-05 00:07:11,ESP 15Y,15,3.75,99.5932,0.24537,99.4663,99.6909,3.786,0.11228,1,1,2.38,6,99.5893,1,0,
RFQ_0164,2025-11-05 00:12:29,ESP 15Y,15,3.75,99.6475,0.14506,99.534,99.7586,3.7812,0.11228,2,1,18.52,2,99.6979,0,1,99.6908
RFQ_0165,2025-11-05 00:13:36,ESP 15Y,15,3.75,99.6219,0.12487,99.4825,99.7071,3.7835,0.11228,3,2,5.68,2,99.5269,0,1,99.544
RFQ_0166,2025-11-05 00:16:29,ESP 30Y,30,4.0,101.8858,0.4317,101.6742,102.0282,3.8924,0.17696,3,2,2.01,8,101.7755,0,1,101.8105
RFQ_0167,2025-11-05 00:17:54,ESP 15Y,15,3.75,99.5332,0.16428,99.4304,99.655,3.7914,0.11228,1,1,10.48,8,99.5215,0,0,
RFQ_0168,2025-11-05 00:24:47,ESP 30Y,30,4.0,101.8058,0.28496,101.6456,101.9996,3.8969,0.17696,3,1,5.21,8,101.9081,0,1,101.8727
RFQ_0169,2025-11-05 00:42:27,ESP 30Y,30,4.0,101.9434,0.34235,101.7795,102.1335,3.8891,0.17696,2,2,19.24,2,101.8786,1,0,
RFQ_0170,2025-11-05 00:45:10,ESP 5Y,5,3.25,99.3946,0.09655,99.3523,99.4425,3.3836,0.04507,3,2,1.88,15,99.3988,0,1,99.4104
RFQ_0171,2025-11-05 00:56:08,ESP 5Y,5,3.25,99.3895,0.06883,99.3327,99.4229,3.3848,0.04507,3,2,1.59,6,99.3372,0,0,
RFQ_0172,2025-11-05 01:01:51,ESP 15Y,15,3.75,99.512,0.2084,99.4086,99.6332,3.7933,0.11228,1,1,6.41,12,99.5284,0,1,99.4957
RFQ_0173,2025-11-05 01:18:59,ESP 5Y,5,3.25,99.3859,0.05166,99.3395,99.4297,3.3856,0.04507,3,2,8.13,6,99.3396,0,1,99.3537
RFQ_0174,2025-11-05 01:20:36,ESP 15Y,15,3.75,99.5695,0.1353,99.4505,99.6751,3.7881,0.11228,3,1,4.87,4,99.6351,0,1,99.6007
RFQ_0175,2025-11-05 01:28:13,ESP 5Y,5,3.25,99.3848,0.10411,99.3326,99.4228,3.3858,0.04507,1,1,22.25,7,99.3812,0,1,99.3705
RFQ_0176,2025-11-05 01:44:36,ESP 5Y,5,3.25,99.3754,0.06673,99.3265,99.4167,3.3879,0.04507,2,1,5.33,6,99.4037,0,1,99.3991
RFQ_0177,2025-11-05 01:56:22,ESP 10Y,10,3.5,99.1137,0.14521,99.0327,99.1973,3.6071,0.08229,2,1,8.88,3,99.16,0,1,99.1387
RFQ_0178,2025-11-05 01:59:43,ESP 10Y,10,3.5,99.1212,0.15146,99.0166,99.1812,3.6062,0.08229,2,1,24.02,2,99.1529,0,1,99.1301
RFQ_0179,2025-11-05 02:09:49,ESP 10Y,10,3.5,99.1299,0.17943,99.0533,99.2179,3.6052,0.08229,2,1,11.03,3,99.1691,0,1,99.1615
RFQ_0180,2025-11-05 02:12:18,ESP 2Y,2,2.75,99.5038,0.03732,99.4845,99.5227,3.0094,0.01906,2,1,10.73,5,99.516,0,0,
RFQ_0181,2025-11-05 02:44:17,ESP 15Y,15,3.75,99.5923,0.13825,99.4891,99.7137,3.7861,0.11228,1,2,42.23,15,99.5869,0,1,99.5979
RFQ_0182,2025-11-05 02:48:35,ESP 30Y,30,4.0,101.8689,0.30778,101.7022,102.0562,3.8933,0.17696,2,1,23.29,3,101.9524,0,1,101.9058
RFQ_0183,2025-11-05 02:56:41,ESP 10Y,10,3.5,99.1048,0.10093,99.0265,99.1911,3.6082,0.08229,3,2,0.72,7,99.0315,0,1,99.0456
RFQ_0184,2025-11-05 03:02:47,ESP 2Y,2,2.75,99.5167,0.03779,99.4999,99.5381,3.0026,0.01906,1,1,73.14,10,99.5137,0,1,99.5098
RFQ_0185,2025-11-05 03:07:38,ESP 15Y,15,3.75,99.556,0.2684,99.4485,99.6731,3.7893,0.11228,2,1,22.85,3,99.6055,0,0,
RFQ_0186,2025-11-05 03:10:44,ESP 2Y,2,2.75,99.5077,0.02423,99.49,99.5282,3.0073,0.01906,2,1,1.69,10,99.5169,0,1,99.5138
RFQ_0187,2025-11-05 03:14:46,ESP 2Y,2,2.75,99.5051,0.03968,99.4866,99.5248,3.0087,0.01906,3,1,3.01,10,99.5205,0,0,
RFQ_0188,2025-11-05 03:17:00,ESP 10Y,10,3.5,99.0951,0.08676,99.0341,99.1987,3.6094,0.08229,2,1,4.68,3,99.122,0,1,99.1141
RFQ_0189,2025-11-05 03:24:35,ESP 15Y,15,3.75,99.6489,0.1966,99.5583,99.7829,3.7811,0.11228,1,2,68.85,2,99.6293,0,1,99.6712
RFQ_0190,2025-11-05 03:25:37,ESP 10Y,10,3.5,99.1753,0.11281,99.0696,99.2342,3.5997,0.08229,3,1,1.99,6,99.2341,0,1,99.2275
RFQ_0191,2025-11-05 03:48:24,ESP 10Y,10,3.5,99.1119,0.18611,98.9943,99.1589,3.6074,0.08229,1,2,37.94,12,99.1177,0,1,99.1314
RFQ_0192,2025-11-05 03:57:15,ESP 30Y,30,4.0,101.8061,0.37314,101.6527,102.0067,3.8969,0.17696,2,2,30.03,8,101.7081,0,1,101.7317
RFQ_0193,2025-11-05 03:58:05,ESP 30Y,30,4.0,101.9031,0.33163,101.722,102.076,3.8914,0.17696,3,1,2.92,8,101.9833,0,0,
RFQ_0194,2025-11-05 03:59:38,ESP 10Y,10,3.5,99.0697,0.16361,98.9881,99.1527,3.6125,0.08229,2,1,3.12,4,99.0969,0,0,
RFQ_0195,2025-11-05 03:59:39,ESP 10Y,10,3.5,99.0621,0.1175,98.995,99.1596,3.6134,0.08229,1,1,31.06,6,99.0817,0,1,99.0719
RFQ_0196,2025-11-05 04:15:36,ESP 10Y,10,3.5,99.0724,0.18652,99.0053,99.1699,3.6122,0.08229,3,1,1.06,10,99.0939,0,0,
RFQ_0197,2025-11-05 04:26:14,ESP 30Y,30,4.0,101.8566,0.36394,101.6645,102.0185,3.894,0.17696,2,2,6.53,6,101.7374,0,0,
RFQ_0198,2025-11-05 04:30:06,ESP 10Y,10,3.5,99.1446,0.14481,99.045,99.2096,3.6034,0.08229,3,1,1.91,1,99.1842,1,0,
RFQ_0199,2025-11-05 04:33:55,ESP 10Y,10,3.5,99.1266,0.12264,99.0584,99.223,3.6056,0.08229,2,1,1.25,2,99.1623,0,1,99.1478
RFQ_0200,2025-11-05 04:37:51,ESP 5Y,5,3.25,99.3903,0.05052,99.3561,99.4463,3.3846,0.04507,3,1,1.88,4,99.4237,0,1,99.4138
RFQ_0201,2025-11-05 04:41:28,ESP 2Y,2,2.75,99.5124,0.03323,99.4911,99.5293,3.0048,0.01906,2,1,4.73,8,99.5172,0,1,99.5151
RFQ_0202,2025-11-05 04:43:11,ESP 5Y,5,3.25,99.4042,0.09583,99.3571,99.4473,3.3815,0.04507,3,2,4.04,8,99.3595,0,1,99.3648
RFQ_0203,2025-11-05 05:06:57,ESP 15Y,15,3.75,99.6097,0.25686,99.483,99.7076,3.7846,0.11228,1,2,51.58,4,99.6171,1,0,
RFQ_0204,2025-11-05 05:11:45,ESP 5Y,5,3.25,99.4288,0.10743,99.387,99.4772,3.3761,0.04507,2,2,4.93,6,99.4123,0,0,
RFQ_0205,2025-11-05 05:11:48,ESP 5Y,5,3.25,99.3726,0.06161,99.3283,99.4185,3.3885,0.04507,3,1,1.68,10,99.4076,0,0,
RFQ_0206,2025-11-05 05:15:22,ESP 5Y,5,3.25,99.3979,0.08313,99.3437,99.4339,3.3829,0.04507,3,1,6.85,15,99.4209,0,1,99.4159
RFQ_0207,2025-11-05 05:16:05,ESP 30Y,30,4.0,101.9312,0.43768,101.7302,102.0842,3.8898,0.17696,1,2,11.04,7,101.9343,0,0,
RFQ_0208,2025-11-05 05:22:20,ESP 15Y,15,3.75,99.6007,0.2288,99.4891,99.7137,3.7854,0.11228,3,2,1.03,8,99.5029,0,1,99.5324
RFQ_0209,2025-11-05 05:22:33,ESP 15Y,15,3.75,99.6036,0.22647,99.4825,99.7071,3.7851,0.11228,3,1,3.1,1,99.6859,1,0,
RFQ_0210,2025-11-05 05:23:11,ESP 5Y,5,3.25,99.382,0.05603,99.3404,99.4306,3.3864,0.04507,2,1,3.5,3,99.3993,0,1,99.3947
RFQ_0211,2025-11-05 05:23:53,ESP 30Y,30,4.0,101.8454,0.42094,101.644,101.998,3.8946,0.17696,1,1,48.38,4,101.8837,0,1,101.8461
RFQ_0212,2025-11-05 05:33:08,ESP 10Y,10,3.5,99.1231,0.13673,99.0476,99.2122,3.606,0.08229,1,2,19.01,2,99.113,0,0,
RFQ_0213,2025-11-05 05:38:55,ESP 10Y,10,3.5,99.1154,0.10504,99.0324,99.197,3.6069,0.08229,2,2,9.53,10,99.1046,0,0,
RFQ_0214,2025-11-05 05:43:44,ESP 30Y,30,4.0,101.7733,0.25081,101.6479,102.0019,3.8987,0.17696,3,1,5.69,3,101.9071,0,0,
RFQ_0215,2025-11-05 05:51:54,ESP 2Y,2,2.75,99.5114,0.02847,99.4947,99.5329,3.0054,0.01906,2,1,3.24,15,99.5186,0,1,99.511
RFQ_0216,2025-11-05 05:52:19,ESP 15Y,15,3.75,99.6294,0.21188,99.5065,99.7311,3.7828,0.11228,2,2,5.9,8,99.5943,0,1,99.6047
RFQ_0217,2025-11-05 06:02:56,ESP 30Y,30,4.0,101.9294,0.23069,101.7606,102.1146,3.8899,0.17696,2,2,6.38,1,101.8378,1,0,
RFQ_0218,2025-11-05 06:05:58,ESP 15Y,15,3.75,99.5803,0.22614,99.4473,99.6719,3.7872,0.11228,3,1,3.31,15,99.6355,0,1,99.6286
RFQ_0219,2025-11-05 06:08:36,ESP 5Y,5,3.25,99.4025,0.09428,99.3545,99.4447,3.3819,0.04507,3,1,1.78,12,99.4306,0,1,99.4258
RFQ_0220,2025-11-05 06:18:22,ESP 15Y,15,3.75,99.6501,0.13694,99.5889,99.8135,3.781,0.11228,1,1,28.08,4,99.6594,1,0,
RFQ_0221,2025-11-05 06:22:41,ESP 15Y,15,3.75,99.5681,0.21784,99.449,99.6736,3.7883,0.11228,3,2,7.96,15,99.4713,0,1,99.5012
RFQ_0222,2025-11-05 06:23:46,ESP 30Y,30,4.0,101.8674,0.33913,101.7185,102.0725,3.8934,0.17696,2,1,5.57,2,101.9424,0,1,101.8971
RFQ_0223,2025-11-05 06:26:50,ESP 15Y,15,3.75,99.5277,0.19299,99.4197,99.6443,3.7919,0.11228,3,1,4.62,3,99.5937,0,0,
RFQ_0224,2025-11-05 06:27:45,ESP 15Y,15,3.75,99.5978,0.22143,99.4753,99.6999,3.7856,0.11228,2,1,2.3,6,99.6416,0,1,99.632
RFQ_0225,2025-11-05 06:27:54,ESP 10Y,10,3.5,99.1184,0.13939,99.0286,99.1932,3.6066,0.08229,1,1,6.16,3,99.112,0,1,99.0888
RFQ_0226,2025-11-05 06:35:00,ESP 5Y,5,3.25,99.4002,0.09645,99.3574,99.4476,3.3824,0.04507,3,1,8.06,12,99.4388,0,1,99.4288
RFQ_0227,2025-11-05 06:41:56,ESP 2Y,2,2.75,99.5065,0.04186,99.4914,99.5296,3.0079,0.01906,3,2,3.96,6,99.4915,0,0,
RFQ_0228,2025-11-05 06:44:29,ESP 15Y,15,3.75,99.6335,0.23995,99.508,99.7326,3.7825,0.11228,3,1,2.01,8,99.7049,0,1,99.6772
RFQ_0229,2025-11-05 06:59:55,ESP 5Y,5,3.25,99.4034,0.04724,99.3569,99.4471,3.3817,0.04507,3,2,2.82,6,99.3826,0,1,99.387
RFQ_0230,2025-11-05 07:00:08,ESP 5Y,5,3.25,99.394,0.05507,99.3462,99.4364,3.3838,0.04507,2,1,6.85,2,99.4063,0,1,99.3951
RFQ_0231,2025-11-05 07:03:44,ESP 10Y,10,3.5,99.1042,0.13286,99.007,99.1716,3.6083,0.08229,3,1,7.2,1,99.1715,1,0,
RFQ_0232,2025-11-05 07:03:54,ESP 5Y,5,3.25,99.3916,0.06807,99.3432,99.4334,3.3843,0.04507,1,1,15.15,6,99.4034,0,1,99.4015
RFQ_0233,2025-11-05 07:04:09,ESP 10Y,10,3.5,99.0922,0.10843,99.02,99.1846,3.6098,0.08229,2,1,13.67,8,99.1163,0,0,
RFQ_0234,2025-11-05 07:09:40,ESP 2Y,2,2.75,99.4993,0.03242,99.4826,99.5208,3.0117,0.01906,2,1,4.29,6,99.5105,0,1,99.5089
RFQ_0235,2025-11-05 07:16:08,ESP 5Y,5,3.25,99.3972,0.08539,99.3563,99.4465,3.3831,0.04507,3,2,0.65,10,99.362,0,0,
RFQ_0236,2025-11-05 07:21:09,ESP 30Y,30,4.0,101.8637,0.40265,101.6542,102.0082,3.8936,0.17696,2,1,6.45,2,101.9152,0,0,
RFQ_0237,2025-11-05 07:27:14,ESP 10Y,10,3.5,99.1612,0.09534,99.0916,99.2562,3.6014,0.08229,3,1,1.54,10,99.1843,0,1,99.173
RFQ_0238,2025-11-05 07:29:42,ESP 10Y,10,3.5,99.1433,0.11832,99.0722,99.2368,3.6035,0.08229,3,1,3.6,2,99.1876,0,1,99.1681
RFQ_0239,2025-11-05 07:47:48,ESP 10Y,10,3.5,99.1281,0.14242,99.0641,99.2287,3.6054,0.08229,2,1,13.89,2,99.1571,0,0,
RFQ_0240,2025-11-05 07:53:17,ESP 5Y,5,3.25,99.4126,0.08385,99.3541,99.4443,3.3797,0.04507,2,1,9.22,10,99.4339,0,1,99.4335
RFQ_0241,2025-11-06 00:17:50,ESP 5Y,5,3.25,99.389,0.08538,99.3454,99.4356,3.3849,0.04507,1,1,20.64,4,99.3956,0,0,
RFQ_0242,2025-11-06 00:20:38,ESP 10Y,10,3.5,99.2121,0.11322,99.1408,99.3054,3.5952,0.08229,1,2,10.18,3,99.1945,0,1,99.2086
RFQ_0243,2025-11-06 00:29:05,ESP 5Y,5,3.25,99.4033,0.05005,99.3566,99.4468,3.3817,0.04507,3,1,4.69,8,99.4367,0,1,99.4275
RFQ_0244,2025-11-06 00:29:11,ESP 5Y,5,3.25,99.3861,0.09037,99.3368,99.427,3.3855,0.04507,3,2,12.37,10,99.365,0,0,
RFQ_0245,2025-11-06 00:33:53,ESP 10Y,10,3.5,99.2113,0.15893,99.1245,99.2891,3.5953,0.08229,2,1,20.89,5,99.289,0,1,99.2807
RFQ_0246,2025-11-06 00:34:28,ESP 5Y,5,3.25,99.3681,0.11203,99.3351,99.4253,3.3895,0.04507,3,1,4.78,2,99.397,0,1,99.395
RFQ_0247,2025-11-06 01:01:08,ESP 15Y,15,3.75,99.4823,0.26702,99.3827,99.6073,3.7959,0.11228,1,1,6.91,2,99.4638,0,1,99.4494
RFQ_0248,2025-11-06 01:04:04,ESP 5Y,5,3.25,99.3933,0.09985,99.3446,99.4348,3.3839,0.04507,2,1,4.11,8,99.413,0,1,99.4007
RFQ_0249,2025-11-06 01:04:56,ESP 30Y,30,4.0,101.9453,0.24592,101.7575,102.1115,3.889,0.17696,2,1,4.02,8,101.9938,0,0,
RFQ_0250,2025-11-06 01:11:12,ESP 5Y,5,3.25,99.3936,0.10748,99.3464,99.4366,3.3839,0.04507,3,1,6.1,3,99.4178,0,1,99.4098
RFQ_0251,2025-11-06 01:13:13,ESP 10Y,10,3.5,99.2104,0.18084,99.1301,99.2947,3.5954,0.08229,3,2,2.66,5,99.1559,0,0,
RFQ_0252,2025-11-06 01:19:14,ESP 30Y,30,4.0,101.7464,0.20042,101.5416,101.8956,3.9002,0.17696,1,2,11.36,6,101.7251,0,0,
RFQ_0253,2025-11-06 01:23:03,ESP 15Y,15,3.75,99.488,0.16302,99.3576,99.5822,3.7954,0.11228,3,1,4.52,5,99.5412,0,0,
RFQ_0254,2025-11-06 01:26:53,ESP 10Y,10,3.5,99.1894,0.13409,99.1167,99.2813,3.5979,0.08229,1,1,5.87,7,99.19,0,0,
RFQ_0255,2025-11-06 01:28:32,ESP 30Y,30,4.0,101.8882,0.40543,101.7399,102.0939,3.8922,0.17696,3,1,2.54,10,101.9698,0,0,
RFQ_0256,2025-11-06 01:33:32,ESP 15Y,15,3.75,99.5546,0.19503,99.465,99.6896,3.7895,0.11228,1,2,6.11,15,99.5567,0,0,
RFQ_0257,2025-11-06 01:36:49,ESP 5Y,5,3.25,99.3714,0.05709,99.3269,99.4171,3.3888,0.04507,2,1,5.33,12,99.3785,0,1,99.3775
RFQ_0258,2025-11-06 01:37:46,ESP 5Y,5,3.25,99.4144,0.11261,99.3671,99.4573,3.3793,0.04507,1,2,13.08,1,99.4124,1,0,
RFQ_0259,2025-11-06 01:38:51,ESP 10Y,10,3.5,99.1944,0.09341,99.1186,99.2832,3.5973,0.08229,3,1,5.44,4,99.2831,0,1,99.2777
RFQ_0260,2025-11-06 01:41:40,ESP 30Y,30,4.0,101.784,0.34639,101.6024,101.9564,3.8981,0.17696,3,1,3.55,10,101.839,0,0,
RFQ_0261,2025-11-06 01:44:46,ESP 5Y,5,3.25,99.3831,0.05839,99.3402,99.4304,3.3862,0.04507,2,1,3.37,2,99.3988,0,1,99.395
RFQ_0262,2025-11-06 01:53:32,ESP 5Y,5,3.25,99.3899,0.066,99.3419,99.4321,3.3847,0.04507,1,2,20.26,6,99.3971,0,0,
RFQ_0263,2025-11-06 01:58:35,ESP 30Y,30,4.0,101.8568,0.23275,101.6928,102.0468,3.894,0.17696,2,1,9.88,2,101.926,0,0,
RFQ_0264,2025-11-06 02:01:04,ESP 15Y,15,3.75,99.5436,0.12415,99.4384,99.663,3.7904,0.11228,1,2,10.06,3,99.555,0,0,
RFQ_0265,2025-11-06 02:10:42,ESP 10Y,10,3.5,99.1664,0.18377,99.0631,99.2277,3.6007,0.08229,3,2,4.0,4,99.1258,0,1,99.1367
RFQ_0266,2025-11-06 02:11:06,ESP 10Y,10,3.5,99.1779,0.19575,99.0957,99.2603,3.5993,0.08229,3,1,3.8,5,99.2422,0,1,99.2278
RFQ_0267,2025-11-06 02:16:30,ESP 2Y,2,2.75,99.5201,0.02611,99.4984,99.5366,3.0008,0.01906,2,2,2.15,4,99.5065,0,1,99.5103
RFQ_0268,2025-11-06 02:23:07,ESP 5Y,5,3.25,99.3904,0.07928,99.3428,99.433,3.3846,0.04507,1,1,48.46,12,99.3826,0,0,
RFQ_0269,2025-11-06 02:28:48,ESP 5Y,5,3.25,99.3781,0.05712,99.336,99.4262,3.3873,0.04507,1,2,37.59,7,99.3674,0,1,99.377
RFQ_0270,2025-11-06 02:37:28,ESP 15Y,15,3.75,99.4932,0.11976,99.399,99.6236,3.7949,0.11228,3,2,2.43,15,99.4163,0,0,
RFQ_0271,2025-11-06 03:04:28,ESP 30Y,30,4.0,101.8075,0.3509,101.6204,101.9744,3.8968,0.17696,3,1,12.14,6,101.8547,0,0,
RFQ_0272,2025-11-06 03:07:19,ESP 10Y,10,3.5,99.1775,0.16695,99.1303,99.2949,3.5994,0.08229,3,2,2.13,6,99.1337,0,0,
RFQ_0273,2025-11-06 03:22:02,ESP 10Y,10,3.5,99.1846,0.20194,99.1067,99.2713,3.5985,0.08229,1,1,2.81,8,99.1984,0,1,99.1979
RFQ_0274,2025-11-06 03:24:21,ESP 15Y,15,3.75,99.5778,0.2377,99.4503,99.6749,3.7874,0.11228,2,2,3.9,2,99.5069,0,1,99.5282
RFQ_0275,2025-11-06 03:38:02,ESP 2Y,2,2.75,99.53,0.04308,99.5126,99.5508,2.9956,0.01906,1,1,35.76,6,99.5295,0,0,
RFQ_0276,2025-11-06 03:46:26,ESP 15Y,15,3.75,99.5346,0.20137,99.4193,99.6439,3.7912,0.11228,2,1,10.17,3,99.5924,0,1,99.5658
RFQ_0277,2025-11-06 03:47:30,ESP 10Y,10,3.5,99.1933,0.19433,99.1241,99.2887,3.5975,0.08229,2,1,10.3,6,99.225,0,1,99.214
RFQ_0278,2025-11-06 03:53:31,ESP 30Y,30,4.0,101.8727,0.2238,101.705,102.059,3.8931,0.17696,2,2,22.34,1,101.8376,1,0,
RFQ_0279,2025-11-06 04:16:08,ESP 10Y,10,3.5,99.2108,0.20525,99.1482,99.3128,3.5954,0.08229,2,1,3.53,6,99.2478,0,1,99.2459
RFQ_0280,2025-11-06 04:18:24,ESP 2Y,2,2.75,99.5125,0.0217,99.4956,99.5338,3.0048,0.01906,3,1,2.0,4,99.5226,0,1,99.5175
RFQ_0281,2025-11-06 04:24:05,ESP 15Y,15,3.75,99.4897,0.25575,99.4182,99.6428,3.7952,0.11228,2,1,6.08,6,99.52,0,0,
RFQ_0282,2025-11-06 04:46:35,ESP 15Y,15,3.75,99.5541,0.22232,99.4153,99.6399,3.7895,0.11228,2,1,10.6,10,99.5842,1,0,
RFQ_0283,2025-11-06 04:50:16,ESP 2Y,2,2.75,99.5252,0.0212,99.5098,99.548,2.9981,0.01906,3,1,0.72,5,99.5347,0,0,
RFQ_0284,2025-11-06 04:51:54,ESP 30Y,30,4.0,101.8081,0.37135,101.6416,101.9956,3.8967,0.17696,2,1,9.42,5,101.8766,0,0,
RFQ_0285,2025-11-06 04:53:27,ESP 15Y,15,3.75,99.5029,0.23999,99.3925,99.6171,3.7941,0.11228,3,1,3.02,7,99.6114,0,0,
RFQ_0286,2025-11-06 04:53:29,ESP 15Y,15,3.75,99.5403,0.2416,99.4341,99.6587,3.7907,0.11228,2,2,3.42,4,99.4811,0,0,
RFQ_0287,2025-11-06 04:56:16,ESP 5Y,5,3.25,99.3834,0.0729,99.3488,99.439,3.3861,0.04507,3,1,3.57,7,99.3958,0,1,99.3924
RFQ_0288,2025-11-06 04:58:27,ESP 15Y,15,3.75,99.5298,0.16197,99.4254,99.65,3.7917,0.11228,2,1,9.07,12,99.6134,0,1,99.5857
RFQ_0289,2025-11-06 05:27:03,ESP 5Y,5,3.25,99.4151,0.09288,99.3591,99.4493,3.3791,0.04507,3,2,1.23,10,99.3909,0,0,
RFQ_0290,2025-11-06 05:32:06,ESP 10Y,10,3.5,99.1955,0.08662,99.1209,99.2855,3.5972,0.08229,3,2,3.52,12,99.121,0,1,99.1332
RFQ_0291,2025-11-06 05:33:46,ESP 10Y,10,3.5,99.2073,0.14535,99.1433,99.3079,3.5958,0.08229,3,2,3.45,2,99.1434,0,1,99.1553
RFQ_0292,2025-11-06 05:35:38,ESP 10Y,10,3.5,99.2235,0.0963,99.1325,99.2971,3.5938,0.08229,1,2,8.17,2,99.2061,0,1,99.2167
RFQ_0293,2025-11-06 05:47:19,ESP 5Y,5,3.25,99.3845,0.04684,99.3378,99.428,3.3859,0.04507,2,1,0.97,6,99.3983,0,1,99.3946
RFQ_0294,2025-11-06 05:49:51,ESP 5Y,5,3.25,99.3805,0.0577,99.3378,99.428,3.3868,0.04507,3,1,1.18,1,99.4181,1,0,
RFQ_0295,2025-11-06 05:50:26,ESP 10Y,10,3.5,99.1819,0.08479,99.0886,99.2532,3.5989,0.08229,3,2,2.61,8,99.1225,0,0,
RFQ_0296,2025-11-06 05:58:40,ESP 10Y,10,3.5,99.1905,0.11993,99.105,99.2696,3.5978,0.08229,2,2,3.0,5,99.1223,0,1,99.137
RFQ_0297,2025-11-06 06:05:54,ESP 5Y,5,3.25,99.392,0.0569,99.3594,99.4496,3.3842,0.04507,2,2,20.52,2,99.3737,0,1,99.3829
RFQ_0298,2025-11-06 06:06:19,ESP 5Y,5,3.25,99.4064,0.07304,99.3638,99.454,3.381,0.04507,3,2,1.11,7,99.3862,0,1,99.3921
RFQ_0299,2025-11-06 06:07:23,ESP 15Y,15,3.75,99.5019,0.15234,99.4043,99.6289,3.7942,0.11228,3,1,2.16,7,99.6288,0,1,99.6038
RFQ_0300,2025-11-06 06:10:35,ESP 10Y,10,3.5,99.2306,0.20104,99.1381,99.3027,3.5929,0.08229,3,1,2.1,10,99.3026,0,0,
RFQ_0301,2025-11-06 06:16:23,ESP 30Y,30,4.0,101.8483,0.24079,101.6884,102.0424,3.8945,0.17696,2,1,9.46,5,101.8829,0,0,
RFQ_0302,2025-11-06 06:18:10,ESP 30Y,30,4.0,101.7982,0.39575,101.6356,101.9896,3.8973,0.17696,3,1,4.03,3,101.9859,0,1,101.9469
RFQ_0303,2025-11-06 06:21:45,ESP 5Y,5,3.25,99.3783,0.05551,99.3268,99.417,3.3873,0.04507,3,2,1.12,12,99.3623,0,1,99.3641
RFQ_0304,2025-11-06 06:24:18,ESP 2Y,2,2.75,99.5216,0.02778,99.501,99.5392,3.0,0.01906,3,1,3.22,7,99.5355,0,1,99.5317
RFQ_0305,2025-11-06 06:30:31,ESP 10Y,10,3.5,99.1893,0.0978,99.118,99.2826,3.598,0.08229,2,2,9.4,7,99.1586,0,0,
RFQ_0306,2025-11-06 06:37:45,ESP 5Y,5,3.25,99.3854,0.081,99.331,99.4212,3.3857,0.04507,2,1,7.92,6,99.4026,0,1,99.3932
RFQ_0307,2025-11-06 06:39:03,ESP 10Y,10,3.5,99.241,0.15232,99.1776,99.3422,3.5917,0.08229,2,1,8.34,4,99.2744,0,1,99.2627
RFQ_0308,2025-11-06 06:44:35,ESP 10Y,10,3.5,99.2142,0.09234,99.1153,99.2799,3.5949,0.08229,1,2,8.65,4,99.2003,0,1,99.2032
RFQ_0309,2025-11-06 06:58:25,ESP 10Y,10,3.5,99.1915,0.20411,99.0962,99.2608,3.5977,0.08229,3,1,1.78,2,99.2553,0,1,99.2416
RFQ_0310,2025-11-06 07:01:02,ESP 10Y,10,3.5,99.2081,0.10487,99.1439,99.3085,3.5957,0.08229,3,1,0.83,12,99.2859,0,1,99.2766
RFQ_0311,2025-11-06 07:01:35,ESP 5Y,5,3.25,99.4141,0.06388,99.3665,99.4567,3.3793,0.04507,3,1,0.87,5,99.4566,0,1,99.4495
RFQ_0312,2025-11-06 07:03:28,ESP 5Y,5,3.25,99.3836,0.07178,99.3331,99.4233,3.3861,0.04507,3,2,1.46,2,99.3496,0,0,
RFQ_0313,2025-11-06 07:06:05,ESP 5Y,5,3.25,99.3743,0.09144,99.3286,99.4188,3.3881,0.04507,2,2,7.84,10,99.3642,0,1,99.3728
RFQ_0314,2025-11-06 07:06:22,ESP 30Y,30,4.0,101.8684,0.26828,101.6834,102.0374,3.8933,0.17696,2,2,12.04,6,101.8055,0,0,
RFQ_0315,2025-11-06 07:13:16,ESP 10Y,10,3.5,99.1438,0.11798,99.0764,99.241,3.6035,0.08229,1,1,19.57,7,99.157,0,0,
RFQ_0316,2025-11-06 07:15:18,ESP 10Y,10,3.5,99.2308,0.10294,99.1654,99.33,3.5929,0.08229,2,2,14.62,10,99.1876,0,1,99.1925
RFQ_0317,2025-11-06 07:27:24,ESP 10Y,10,3.5,99.1781,0.16934,99.0771,99.2417,3.5993,0.08229,2,2,5.51,8,99.1371,0,1,99.1505
RFQ_0318,2025-11-06 07:40:54,ESP 5Y,5,3.25,99.3777,0.09227,99.3273,99.4175,3.3874,0.04507,2,1,11.91,2,99.3932,0,1,99.3861
RFQ_0319,2025-11-06 07:42:51,ESP 10Y,10,3.5,99.1874,0.13795,99.0951,99.2597,3.5982,0.08229,3,2,3.99,12,99.1431,0,1,99.1601
RFQ_0320,2025-11-06 07:54:45,ESP 30Y,30,4.0,101.907,0.28207,101.7449,102.0989,3.8912,0.17696,1,2,6.75,4,101.8786,0,0,
RFQ_0321,2025-11-07 00:18:50,ESP 10Y,10,3.5,99.1807,0.11849,99.1065,99.2711,3.599,0.08229,2,1,6.91,8,99.238,0,1,99.225
RFQ_0322,2025-11-07 00:20:59,ESP 30Y,30,4.0,101.8903,0.33507,101.6989,102.0529,3.8921,0.17696,2,2,3.65,7,101.8456,0,1,101.8861
RFQ_0323,2025-11-07 00:33:40,ESP 5Y,5,3.25,99.429,0.0626,99.3974,99.4876,3.376,0.04507,2,1,27.86,12,99.438,0,1,99.4314
RFQ_0324,2025-11-07 00:52:35,ESP 2Y,2,2.75,99.5347,0.02061,99.5128,99.551,2.9931,0.01906,1,2,2.98,12,99.5347,0,0,
RFQ_0325,2025-11-07 00:57:12,ESP 15Y,15,3.75,99.4266,0.26039,99.3477,99.5723,3.8009,0.11228,3,1,5.02,2,99.5372,0,0,
RFQ_0326,2025-11-07 01:31:30,ESP 15Y,15,3.75,99.5311,0.19468,99.4074,99.632,3.7916,0.11228,3,2,5.11,12,99.4464,0,1,99.4639
RFQ_0327,2025-11-07 01:34:24,ESP 10Y,10,3.5,99.156,0.14185,99.0608,99.2254,3.602,0.08229,2,1,4.52,15,99.1886,0,1,99.1826
RFQ_0328,2025-11-07 01:48:00,ESP 5Y,5,3.25,99.4437,0.06324,99.4034,99.4936,3.3728,0.04507,2,1,7.58,6,99.4728,0,0,
RFQ_0329,2025-11-07 01:49:08,ESP 15Y,15,3.75,99.4309,0.20709,99.3055,99.5301,3.8005,0.11228,3,1,2.23,12,99.5061,0,1,99.4762
RFQ_0330,2025-11-07 01:53:32,ESP 5Y,5,3.25,99.4284,0.10735,99.3753,99.4655,3.3762,0.04507,2,2,3.32,8,99.4224,0,1,99.4272
RFQ_0331,2025-11-07 01:58:37,ESP 15Y,15,3.75,99.4483,0.14497,99.3347,99.5593,3.7989,0.11228,1,1,6.07,6,99.4586,0,0,
RFQ_0332,2025-11-07 02:10:17,ESP 15Y,15,3.75,99.4964,0.13169,99.3664,99.591,3.7946,0.11228,2,1,11.07,7,99.5814,0,1,99.5756
RFQ_0333,2025-11-07 02:12:44,ESP 15Y,15,3.75,99.5146,0.17705,99.3989,99.6235,3.793,0.11228,3,2,1.81,15,99.4881,0,0,
RFQ_0334,2025-11-07 02:13:01,ESP 5Y,5,3.25,99.4242,0.1038,99.3851,99.4753,3.3771,0.04507,2,1,21.83,8,99.4513,0,1,99.4429
RFQ_0335,2025-11-07 02:13:08,ESP 10Y,10,3.5,99.1639,0.16981,99.0925,99.2571,3.601,0.08229,3,1,3.04,8,99.2381,0,1,99.2339
RFQ_0336,2025-11-07 02:15:14,ESP 10Y,10,3.5,99.1856,0.16107,99.0904,99.255,3.5984,0.08229,2,1,11.66,12,99.2339,0,1,99.2234
RFQ_0337,2025-11-07 02:16:27,ESP 5Y,5,3.25,99.4309,0.05871,99.3707,99.4609,3.3756,0.04507,3,1,5.64,2,99.4608,0,1,99.4544
RFQ_0338,2025-11-07 02:22:58,ESP 10Y,10,3.5,99.1465,0.08242,99.0508,99.2154,3.6032,0.08229,2,2,4.82,7,99.0912,0,1,99.1014
RFQ_0339,2025-11-07 02:25:16,ESP 30Y,30,4.0,101.8414,0.22997,101.7073,102.0613,3.8949,0.17696,3,2,0.8,4,101.7074,0,0,
RFQ_0340,2025-11-07 02:28:21,ESP 15Y,15,3.75,99.4292,0.15236,99.3209,99.5455,3.8006,0.11228,1,1,32.41,6,99.4387,0,1,99.4303
RFQ_0341,2025-11-07 02:29:39,ESP 10Y,10,3.5,99.1275,0.08357,99.0385,99.2031,3.6055,0.08229,3,2,4.54,2,99.0857,0,1,99.0919
RFQ_0342,2025-11-07 02:29:50,ESP 5Y,5,3.25,99.4264,0.04783,99.3768,99.467,3.3766,0.04507,2,1,5.2,2,99.4307,0,0,
RFQ_0343,2025-11-07 02:34:56,ESP 15Y,15,3.75,99.477,0.1735,99.3698,99.5944,3.7964,0.11228,2,2,3.35,4,99.4657,0,0,
RFQ_0344,2025-11-07 02:36:56,ESP 30Y,30,4.0,101.9284,0.43081,101.7515,102.1055,3.89,0.17696,3,2,3.1,5,101.7753,0,0,
RFQ_0345,2025-11-07 02:43:10,ESP 30Y,30,4.0,101.8064,0.25515,101.6346,101.9886,3.8968,0.17696,3,2,4.03,6,101.6703,0,1,101.6957
RFQ_0346,2025-11-07 02:55:51,ESP 15Y,15,3.75,99.5014,0.23294,99.389,99.6136,3.7942,0.11228,3,1,6.47,3,99.5809,0,1,99.5632
RFQ_0347,2025-11-07 02:56:10,ESP 5Y,5,3.25,99.4577,0.09441,99.4155,99.5057,3.3697,0.04507,2,2,4.1,5,99.4368,0,0,
RFQ_0348,2025-11-07 02:57:37,ESP 30Y,30,4.0,101.8967,0.22296,101.693,102.047,3.8918,0.17696,2,1,4.45,2,101.9733,0,1,101.9705
RFQ_0349,2025-11-07 03:04:39,ESP 15Y,15,3.75,99.4695,0.26249,99.3632,99.5878,3.797,0.11228,3,2,4.46,12,99.3872,0,1,99.4033
RFQ_0350,2025-11-07 03:12:00,ESP 15Y,15,3.75,99.5123,0.12931,99.3887,99.6133,3.7932,0.11228,2,1,2.71,2,99.5363,0,1,99.535
RFQ_0351,2025-11-07 03:23:55,ESP 5Y,5,3.25,99.4372,0.05031,99.3951,99.4853,3.3742,0.04507,3,2,1.17,15,99.4007,0,1,99.4049
RFQ_0352,2025-11-07 03:25:42,ESP 10Y,10,3.5,99.1502,0.20112,99.0717,99.2363,3.6027,0.08229,2,1,11.11,5,99.2008,0,1,99.1957
RFQ_0353,2025-11-07 03:29:23,ESP 10Y,10,3.5,99.1922,0.16635,99.1084,99.273,3.5976,0.08229,3,1,6.39,1,99.2661,1,0,
RFQ_0354,2025-11-07 03:33:53,ESP 2Y,2,2.75,99.55,0.04043,99.5286,99.5668,2.9851,0.01906,3,2,3.97,3,99.5287,0,1,99.5333
RFQ_0355,2025-11-07 03:37:34,ESP 15Y,15,3.75,99.4807,0.26643,99.3758,99.6004,3.796,0.11228,1,2,4.11,10,99.4747,0,0,
RFQ_0356,2025-11-07 03:39:44,ESP 5Y,5,3.25,99.4456,0.05775,99.3931,99.4833,3.3723,0.04507,3,2,1.94,5,99.4192,0,1,99.4233
RFQ_0357,2025-11-07 03:48:45,ESP 5Y,5,3.25,99.4594,0.06201,99.4263,99.5165,3.3693,0.04507,2,1,4.49,3,99.4855,0,1,99.4802
RFQ_0358,2025-11-07 03:50:38,ESP 10Y,10,3.5,99.1823,0.08284,99.0899,99.2545,3.5988,0.08229,2,2,12.03,12,99.1533,0,1,99.1705
RFQ_0359,2025-11-07 03:54:55,ESP 15Y,15,3.75,99.4696,0.26933,99.364,99.5886,3.797,0.11228,3,2,6.92,15,99.3641,0,0,
RFQ_0360,2025-11-07 04:00:37,ESP 5Y,5,3.25,99.4517,0.04532,99.4135,99.5037,3.371,0.04507,2,1,1.97,4,99.4698,0,0,
RFQ_0361,2025-11-07 04:12:17,ESP 2Y,2,2.75,99.5472,0.04182,99.5287,99.5669,2.9866,0.01906,2,1,4.33,7,99.5603,0,1,99.5569
RFQ_0362,2025-11-07 04:15:07,ESP 15Y,15,3.75,99.4491,0.24417,99.3327,99.5573,3.7989,0.11228,3,1,0.77,8,99.5049,0,1,99.4995
RFQ_0363,2025-11-07 04:23:49,ESP 10Y,10,3.5,99.2029,0.1031,99.1252,99.2898,3.5963,0.08229,2,1,6.49,15,99.2586,0,1,99.237
RFQ_0364,2025-11-07 04:31:26,ESP 5Y,5,3.25,99.436,0.05789,99.3887,99.4789,3.3745,0.04507,1,1,23.62,12,99.4324,0,1,99.423
RFQ_0365,2025-11-07 04:35:05,ESP 30Y,30,4.0,101.8336,0.17704,101.6796,102.0336,3.8953,0.17696,2,2,6.64,12,101.7579,0,1,101.8197
RFQ_0366,2025-11-07 04:35:12,ESP 15Y,15,3.75,99.4846,0.13907,99.3554,99.58,3.7957,0.11228,2,1,14.8,1,99.5437,1,0,
RFQ_0367,2025-11-07 04:40:36,ESP 2Y,2,2.75,99.5346,0.03717,99.5127,99.5509,2.9932,0.01906,2,2,9.95,6,99.5281,0,1,99.5315
RFQ_0368,2025-11-07 04:44:09,ESP 2Y,2,2.75,99.5402,0.04341,99.5225,99.5607,2.9903,0.01906,2,2,8.02,3,99.5328,0,1,99.5372
RFQ_0369,2025-11-07 04:51:42,ESP 15Y,15,3.75,99.48,0.22426,99.3774,99.602,3.7961,0.11228,2,1,11.49,3,99.5123,0,0,
RFQ_0370,2025-11-07 04:55:18,ESP 5Y,5,3.25,99.4275,0.09691,99.3782,99.4684,3.3764,0.04507,1,1,24.62,10,99.4308,0,1,99.429
RFQ_0371,2025-11-07 05:00:47,ESP 2Y,2,2.75,99.5396,0.04401,99.5155,99.5537,2.9906,0.01906,2,1,4.41,3,99.5464,0,1,99.5426
RFQ_0372,2025-11-07 05:11:17,ESP 2Y,2,2.75,99.5489,0.03878,99.5306,99.5688,2.9857,0.01906,2,1,9.91,1,99.5539,1,0,
RFQ_0373,2025-11-07 05:12:48,ESP 15Y,15,3.75,99.4209,0.25664,99.2866,99.5112,3.8014,0.11228,1,2,39.43,12,99.4251,0,1,99.4562
RFQ_0374,2025-11-07 05:14:38,ESP 5Y,5,3.25,99.4689,0.10702,99.4326,99.5228,3.3672,0.04507,3,2,0.5,4,99.4327,0,0,
RFQ_0375,2025-11-07 05:18:38,ESP 2Y,2,2.75,99.5351,0.0249,99.5174,99.5556,2.9929,0.01906,1,1,39.77,10,99.5315,0,1,99.5299
RFQ_0376,2025-11-07 05:20:36,ESP 30Y,30,4.0,101.8216,0.28039,101.6554,102.0094,3.896,0.17696,2,2,5.11,6,101.6808,0,0,
RFQ_0377,2025-11-07 05:37:36,ESP 10Y,10,3.5,99.1532,0.20559,99.0848,99.2494,3.6023,0.08229,3,1,6.29,15,99.1921,0,1,99.1853
RFQ_0378,2025-11-07 05:37:51,ESP 10Y,10,3.5,99.1879,0.10887,99.1156,99.2802,3.5981,0.08229,3,2,1.43,2,99.1331,0,1,99.1435
RFQ_0379,2025-11-07 05:48:58,ESP 30Y,30,4.0,101.8255,0.35443,101.6524,102.0064,3.8958,0.17696,2,2,11.08,10,101.8151,0,1,101.8459
RFQ_0380,2025-11-07 05:50:37,ESP 5Y,5,3.25,99.4233,0.07931,99.3824,99.4726,3.3773,0.04507,3,1,0.7,12,99.4551,0,1,99.4448
RFQ_0381,2025-11-07 05:55:16,ESP 5Y,5,3.25,99.43,0.05005,99.3859,99.4761,3.3758,0.04507,1,1,14.57,12,99.4421,0,1,99.4368
RFQ_0382,2025-11-07 06:02:45,ESP 2Y,2,2.75,99.5461,0.02409,99.5265,99.5647,2.9872,0.01906,3,1,1.86,4,99.5642,0,1,99.5634
RFQ_0383,2025-11-07 06:10:06,ESP 5Y,5,3.25,99.4316,0.08358,99.3932,99.4834,3.3754,0.04507,3,2,2.83,5,99.3993,0,1,99.4044
RFQ_0384,2025-11-07 06:11:04,ESP 5Y,5,3.25,99.4451,0.08644,99.3976,99.4878,3.3725,0.04507,2,1,13.38,4,99.4626,0,1,99.4606
RFQ_0385,2025-11-07 06:25:56,ESP 15Y,15,3.75,99.4714,0.21368,99.35,99.5746,3.7969,0.11228,2,1,4.64,8,99.5122,0,1,99.5102
RFQ_0386,2025-11-07 06:34:25,ESP 30Y,30,4.0,101.9004,0.25925,101.6742,102.0282,3.8915,0.17696,3,2,0.46,2,101.7705,0,1,101.7849
RFQ_0387,2025-11-07 06:37:32,ESP 5Y,5,3.25,99.4367,0.11247,99.39,99.4802,3.3743,0.04507,2,2,6.84,8,99.4033,0,0,
RFQ_0388,2025-11-07 06:44:10,ESP 5Y,5,3.25,99.427,0.05591,99.3845,99.4747,3.3765,0.04507,3,1,5.99,7,99.4584,0,0,
RFQ_0389,2025-11-07 06:51:11,ESP 10Y,10,3.5,99.1449,0.19544,99.0525,99.2171,3.6034,0.08229,2,1,2.39,3,99.1778,1,0,
RFQ_0390,2025-11-07 06:51:28,ESP 10Y,10,3.5,99.1837,0.20379,99.1153,99.2799,3.5986,0.08229,2,1,12.03,4,99.2057,1,0,
RFQ_0391,2025-11-07 07:04:01,ESP 10Y,10,3.5,99.2057,0.12677,99.1318,99.2964,3.596,0.08229,2,2,6.5,10,99.1653,0,1,99.1717
RFQ_0392,2025-11-07 07:19:53,ESP 10Y,10,3.5,99.2257,0.15379,99.1491,99.3137,3.5935,0.08229,3,1,2.42,12,99.2682,0,1,99.2549
RFQ_0393,2025-11-07 07:21:39,ESP 10Y,10,3.5,99.2065,0.11014,99.129,99.2936,3.5959,0.08229,2,1,3.23,1,99.2137,1,0,
RFQ_0394,2025-11-07 07:27:52,ESP 10Y,10,3.5,99.1888,0.13368,99.0928,99.2574,3.598,0.08229,2,1,2.38,10,99.1766,0,1,99.1596
RFQ_0395,2025-11-07 07:28:15,ESP 10Y,10,3.5,99.1761,0.11326,99.0933,99.2579,3.5996,0.08229,1,1,17.59,8,99.1673,0,0,
RFQ_0396,2025-11-07 07:29:18,ESP 5Y,5,3.25,99.4406,0.08573,99.3932,99.4834,3.3735,0.04507,1,2,15.92,7,99.4408,1,0,
RFQ_0397,2025-11-07 07:39:38,ESP 10Y,10,3.5,99.162,0.11209,99.0774,99.242,3.6013,0.08229,1,2,11.03,7,99.1548,0,1,99.1583
RFQ_0398,2025-11-07 07:47:37,ESP 10Y,10,3.5,99.2162,0.17527,99.139,99.3036,3.5947,0.08229,2,1,3.36,3,99.2508,0,1,99.2465
RFQ_0399,2025-11-07 07:52:45,ESP 5Y,5,3.25,99.422,0.04832,99.3686,99.4588,3.3776,0.04507,2,2,7.46,10,99.3922,0,1,99.3971
RFQ_0400,2025-11-07 07:59:44,ESP 5Y,5,3.25,99.4399,0.06746,99.3896,99.4798,3.3736,0.04507,3,1,1.6,1,99.4797,1,0,
RFQ_0401,2025-11-10 00:12:20,ESP 30Y,30,4.0,101.8219,0.35233,101.6907,102.0447,3.896,0.17696,3,1,2.95,6,101.9117,0,1,101.8859
RFQ_0402,2025-11-10 00:19:33,ESP 30Y,30,4.0,101.8144,0.33324,101.6689,102.0229,3.8964,0.17696,3,1,3.02,3,101.9021,0,1,101.8789
RFQ_0403,2025-11-10 00:20:52,ESP 5Y,5,3.25,99.4268,0.06231,99.3876,99.4778,3.3765,0.04507,3,1,8.28,3,99.4669,0,0,
RFQ_0404,2025-11-10 00:22:58,ESP 15Y,15,3.75,99.5779,0.17485,99.4722,99.6968,3.7874,0.11228,1,1,32.77,10,99.6019,0,1,99.6002
RFQ_0405,2025-11-10 00:24:19,ESP 10Y,10,3.5,99.1732,0.09747,99.0853,99.2499,3.5999,0.08229,2,2,1.79,12,99.135,0,1,99.1533
RFQ_0406,2025-11-10 00:27:39,ESP 10Y,10,3.5,99.1558,0.15024,99.0676,99.2322,3.602,0.08229,3,1,4.23,3,99.1917,0,1,99.1729
RFQ_0407,2025-11-10 00:28:38,ESP 10Y,10,3.5,99.1728,0.19244,99.1041,99.2687,3.6,0.08229,2,1,1.13,4,99.2007,0,0,
RFQ_0408,2025-11-10 00:29:12,ESP 15Y,15,3.75,99.5223,0.18858,99.4001,99.6247,3.7923,0.11228,3,2,16.23,5,99.4636,0,0,
RFQ_0409,2025-11-10 00:39:06,ESP 15Y,15,3.75,99.5246,0.18195,99.4412,99.6658,3.7921,0.11228,1,2,12.53,12,99.5158,0,0,
RFQ_0410,2025-11-10 00:51:30,ESP 30Y,30,4.0,101.7931,0.237,101.5907,101.9447,3.8976,0.17696,1,2,23.45,2,101.7938,0,1,101.7998
RFQ_0411,2025-11-10 00:52:26,ESP 15Y,15,3.75,99.5406,0.25771,99.4533,99.6779,3.7907,0.11228,3,1,2.86,2,99.63,0,1,99.6
RFQ_0412,2025-11-10 00:55:48,ESP 10Y,10,3.5,99.1119,0.09311,99.0512,99.2158,3.6074,0.08229,3,1,1.66,12,99.1704,0,1,99.1531
RFQ_0413,2025-11-10 00:56:42,ESP 30Y,30,4.0,101.8954,0.3602,101.693,102.047,3.8918,0.17696,2,2,14.43,12,101.8334,0,1,101.8759
RFQ_0414,2025-11-10 00:58:44,ESP 10Y,10,3.5,99.1296,0.10288,99.0434,99.208,3.6052,0.08229,3,1,6.28,2,99.1864,0,0,
RFQ_0415,2025-11-10 01:01:56,ESP 30Y,30,4.0,101.932,0.29178,101.7822,102.1362,3.8898,0.17696,2,2,4.48,12,101.826,0,1,101.8524
RFQ_0416,2025-11-10 01:05:51,ESP 10Y,10,3.5,99.1676,0.08674,99.0768,99.2414,3.6006,0.08229,3,2,1.08,7,99.1282,0,1,99.1467
RFQ_0417,2025-11-10 01:20:36,ESP 5Y,5,3.25,99.4394,0.05222,99.3944,99.4846,3.3737,0.04507,1,2,4.5,3,99.4381,0,1,99.4511
RFQ_0418,2025-11-10 01:31:26,ESP 5Y,5,3.25,99.4405,0.05787,99.3969,99.4871,3.3735,0.04507,1,2,24.6,7,99.4302,0,0,
RFQ_0419,2025-11-10 01:35:28,ESP 15Y,15,3.75,99.5314,0.25508,99.4219,99.6465,3.7915,0.11228,2,1,1.7,5,99.5457,0,0,
RFQ_0420,2025-11-10 01:43:40,ESP 10Y,10,3.5,99.165,0.14521,99.0507,99.2153,3.6009,0.08229,2,1,2.32,6,99.1617,0,1,99.1607
RFQ_0421,2025-11-10 01:57:32,ESP 5Y,5,3.25,99.4492,0.06355,99.404,99.4942,3.3715,0.04507,2,1,5.47,12,99.4788,0,1,99.4717
RFQ_0422,2025-11-10 01:58:56,ESP 5Y,5,3.25,99.4842,0.08243,99.4339,99.5241,3.3638,0.04507,2,2,12.95,12,99.469,0,1,99.4732
RFQ_0423,2025-11-10 02:04:53,ESP 15Y,15,3.75,99.5153,0.20592,99.4197,99.6443,3.793,0.11228,2,2,1.8,15,99.442,0,1,99.4597
RFQ_0424,2025-11-10 02:08:45,ESP 10Y,10,3.5,99.1743,0.11079,99.0912,99.2558,3.5998,0.08229,3,1,2.41,7,99.2557,0,1,99.2497
RFQ_0425,2025-11-10 02:20:45,ESP 10Y,10,3.5,99.1736,0.15425,99.1002,99.2648,3.5999,0.08229,3,1,4.65,5,99.1798,0,1,99.1536
RFQ_0426,2025-11-10 02:23:50,ESP 10Y,10,3.5,99.1744,0.11474,99.1241,99.2887,3.5998,0.08229,3,2,3.37,5,99.1526,0,1,99.1605
RFQ_0427,2025-11-10 02:33:03,ESP 5Y,5,3.25,99.478,0.09638,99.4313,99.5215,3.3652,0.04507,1,2,12.46,10,99.4737,0,0,
RFQ_0428,2025-11-10 02:42:33,ESP 15Y,15,3.75,99.5798,0.26517,99.5005,99.7251,3.7872,0.11228,1,2,12.64,10,99.6033,0,1,99.6129
RFQ_0429,2025-11-10 02:43:43,ESP 10Y,10,3.5,99.1537,0.16282,99.0503,99.2149,3.6023,0.08229,2,1,2.54,8,99.1881,0,0,
RFQ_0430,2025-11-10 02:44:47,ESP 2Y,2,2.75,99.5011,0.04078,99.4821,99.5203,3.0108,0.01906,1,2,36.46,2,99.5006,0,0,
RFQ_0431,2025-11-10 03:01:26,ESP 30Y,30,4.0,101.914,0.20569,101.6984,102.0524,3.8908,0.17696,3,2,2.96,7,101.7319,0,1,101.767
RFQ_0432,2025-11-10 03:09:09,ESP 5Y,5,3.25,99.4555,0.09269,99.4134,99.5036,3.3702,0.04507,3,1,2.14,10,99.4818,0,1,99.4763
RFQ_0433,2025-11-10 03:13:42,ESP 30Y,30,4.0,101.9063,0.23563,101.7284,102.0824,3.8912,0.17696,2,1,7.32,8,102.028,0,1,101.9914
RFQ_0434,2025-11-10 03:22:22,ESP 15Y,15,3.75,99.5871,0.2221,99.4844,99.709,3.7866,0.11228,2,1,9.19,1,99.6419,1,0,
RFQ_0435,2025-11-10 03:23:20,ESP 5Y,5,3.25,99.4799,0.09627,99.4312,99.5214,3.3648,0.04507,3,2,2.52,15,99.454,0,1,99.4588
RFQ_0436,2025-11-10 03:27:17,ESP 10Y,10,3.5,99.1915,0.11009,99.1117,99.2763,3.5977,0.08229,1,1,26.64,7,99.2014,0,1,99.175
RFQ_0437,2025-11-10 03:27:22,ESP 15Y,15,3.75,99.5159,0.2671,99.4013,99.6259,3.7929,0.11228,2,1,3.36,6,99.5639,0,1,99.5492
RFQ_0438,2025-11-10 03:43:08,ESP 30Y,30,4.0,101.865,0.34247,101.7035,102.0575,3.8935,0.17696,1,2,26.73,2,101.8428,0,0,
RFQ_0439,2025-11-10 03:44:56,ESP 15Y,15,3.75,99.5258,0.16202,99.4043,99.6289,3.792,0.11228,2,1,2.96,8,99.5426,0,1,99.5081
RFQ_0440,2025-11-10 04:02:17,ESP 15Y,15,3.75,99.5046,0.12281,99.3928,99.6174,3.7939,0.11228,2,1,1.98,8,99.5547,0,1,99.5421
RFQ_0441,2025-11-10 04:04:25,ESP 10Y,10,3.5,99.131,0.12908,99.0591,99.2237,3.605,0.08229,2,1,2.31,8,99.165,0,1,99.1456
RFQ_0442,2025-11-10 04:04:46,ESP 10Y,10,3.5,99.1548,0.14486,99.0817,99.2463,3.6022,0.08229,3,2,4.46,6,99.0844,0,0,
RFQ_0443,2025-11-10 04:06:44,ESP 2Y,2,2.75,99.4923,0.0378,99.477,99.5152,3.0154,0.01906,3,2,16.67,10,99.4771,0,1,99.4787
RFQ_0444,2025-11-10 04:20:29,ESP 30Y,30,4.0,101.8884,0.20305,101.6846,102.0386,3.8922,0.17696,1,2,61.99,10,101.9012,1,0,
RFQ_0445,2025-11-10 04:21:52,ESP 15Y,15,3.75,99.5235,0.18798,99.4068,99.6314,3.7922,0.11228,2,1,12.21,2,99.5582,0,1,99.5362
RFQ_0446,2025-11-10 04:21:59,ESP 10Y,10,3.5,99.1156,0.16536,99.0475,99.2121,3.6069,0.08229,3,2,7.84,2,99.0649,0,1,99.0672
RFQ_0447,2025-11-10 04:48:09,ESP 2Y,2,2.75,99.5012,0.02653,99.4865,99.5247,3.0107,0.01906,2,2,7.1,5,99.4936,0,0,
RFQ_0448,2025-11-10 04:51:32,ESP 5Y,5,3.25,99.4688,0.06407,99.4281,99.5183,3.3672,0.04507,2,2,2.22,15,99.4578,0,1,99.4697
RFQ_0449,2025-11-10 04:54:06,ESP 15Y,15,3.75,99.5361,0.17641,99.4026,99.6272,3.7911,0.11228,3,2,4.17,12,99.4769,0,0,
RFQ_0450,2025-11-10 04:54:51,ESP 30Y,30,4.0,101.8118,0.34926,101.6829,102.0369,3.8965,0.17696,1,2,49.73,5,101.7883,0,0,
RFQ_0451,2025-11-10 05:03:06,ESP 10Y,10,3.5,99.1754,0.18575,99.0846,99.2492,3.5996,0.08229,3,1,2.09,1,99.2491,1,0,
RFQ_0452,2025-11-10 05:07:26,ESP 30Y,30,4.0,101.7942,0.30059,101.6157,101.9697,3.8975,0.17696,3,1,1.8,7,101.9679,0,0,
RFQ_0453,2025-11-10 05:13:47,ESP 5Y,5,3.25,99.4434,0.06656,99.3969,99.4871,3.3728,0.04507,2,1,6.49,4,99.4631,0,0,
RFQ_0454,2025-11-10 05:20:40,ESP 5Y,5,3.25,99.4555,0.05559,99.3976,99.4878,3.3702,0.04507,2,2,5.4,3,99.4475,0,1,99.4535
RFQ_0455,2025-11-10 05:31:32,ESP 5Y,5,3.25,99.4272,0.09726,99.3821,99.4723,3.3764,0.04507,2,2,5.98,8,99.4001,0,1,99.4039
RFQ_0456,2025-11-10 05:31:38,ESP 5Y,5,3.25,99.4459,0.09033,99.3986,99.4888,3.3723,0.04507,1,1,29.55,2,99.4499,0,1,99.4407
RFQ_0457,2025-11-10 05:32:37,ESP 10Y,10,3.5,99.1298,0.20567,99.0272,99.1918,3.6052,0.08229,2,1,8.65,2,99.1293,0,0,
RFQ_0458,2025-11-10 05:34:02,ESP 15Y,15,3.75,99.4649,0.14158,99.3757,99.6003,3.7974,0.11228,1,2,14.64,3,99.4295,0,1,99.4419
RFQ_0459,2025-11-10 05:43:55,ESP 30Y,30,4.0,101.8584,0.41913,101.6967,102.0507,3.8939,0.17696,2,1,7.7,6,101.9234,0,1,101.8959
RFQ_0460,2025-11-10 05:46:48,ESP 2Y,2,2.75,99.5005,0.04332,99.4874,99.5256,3.0111,0.01906,3,1,6.0,12,99.5108,0,0,
RFQ_0461,2025-11-10 05:49:01,ESP 5Y,5,3.25,99.4602,0.09577,99.4179,99.5081,3.3691,0.04507,3,1,5.61,5,99.5,0,1,99.4939
RFQ_0462,2025-11-10 05:57:02,ESP 30Y,30,4.0,101.9172,0.41407,101.7388,102.0928,3.8906,0.17696,3,2,3.89,12,101.7536,0,1,101.8155
RFQ_0463,2025-11-10 05:57:20,ESP 15Y,15,3.75,99.4896,0.27394,99.3504,99.575,3.7953,0.11228,3,2,11.29,3,99.412,0,1,99.4283
RFQ_0464,2025-11-10 06:04:56,ESP 5Y,5,3.25,99.4447,0.05576,99.3972,99.4874,3.3725,0.04507,3,1,2.65,5,99.4785,0,0,
RFQ_0465,2025-11-10 06:08:52,ESP 30Y,30,4.0,101.8961,0.18876,101.6968,102.0508,3.8918,0.17696,2,2,6.01,4,101.8438,0,0,
RFQ_0466,2025-11-10 06:12:45,ESP 5Y,5,3.25,99.4872,0.10596,99.4331,99.5233,3.3631,0.04507,1,2,6.74,2,99.4814,0,0,
RFQ_0467,2025-11-10 06:16:57,ESP 30Y,30,4.0,101.777,0.18325,101.5998,101.9538,3.8985,0.17696,1,2,23.04,7,101.7589,1,0,
RFQ_0468,2025-11-10 06:35:42,ESP 10Y,10,3.5,99.1637,0.18688,99.0791,99.2437,3.6011,0.08229,3,1,4.47,12,99.2436,0,0,
RFQ_0469,2025-11-10 06:43:05,ESP 5Y,5,3.25,99.4654,0.07792,99.4259,99.5161,3.368,0.04507,2,2,2.84,2,99.4482,0,1,99.4539
RFQ_0470,2025-11-10 06:44:27,ESP 2Y,2,2.75,99.4916,0.03653,99.4739,99.5121,3.0158,0.01906,2,2,10.3,1,99.4854,1,0,
RFQ_0471,2025-11-10 06:50:57,ESP 5Y,5,3.25,99.4568,0.08379,99.3993,99.4895,3.3699,0.04507,1,2,60.47,6,99.4466,0,1,99.4501
RFQ_0472,2025-11-10 07:16:02,ESP 30Y,30,4.0,101.8044,0.41096,101.6319,101.9859,3.897,0.17696,2,2,9.55,4,101.759,0,0,
RFQ_0473,2025-11-10 07:18:49,ESP 5Y,5,3.25,99.4465,0.10227,99.4025,99.4927,3.3721,0.04507,3,1,9.49,7,99.4853,0,1,99.4834
RFQ_0474,2025-11-10 07:22:02,ESP 15Y,15,3.75,99.4755,0.15995,99.3701,99.5947,3.7965,0.11228,1,1,20.95,1,99.4702,1,0,
RFQ_0475,2025-11-10 07:27:16,ESP 10Y,10,3.5,99.1744,0.12653,99.0675,99.2321,3.5998,0.08229,2,2,7.34,10,99.1341,0,0,
RFQ_0476,2025-11-10 07:29:45,ESP 30Y,30,4.0,101.7611,0.31964,101.5786,101.9326,3.8994,0.17696,1,2,5.45,3,101.7543,0,1,101.8146
RFQ_0477,2025-11-10 07:31:28,ESP 5Y,5,3.25,99.4641,0.06002,99.4231,99.5133,3.3682,0.04507,1,2,20.7,3,99.4486,0,0,
RFQ_0478,2025-11-10 07:41:05,ESP 2Y,2,2.75,99.4911,0.03372,99.4753,99.5135,3.016,0.01906,1,1,24.64,4,99.4942,0,1,99.4911
RFQ_0479,2025-11-10 07:42:29,ESP 10Y,10,3.5,99.1567,0.18514,99.0657,99.2303,3.6019,0.08229,2,1,8.5,12,99.2299,0,0,
RFQ_0480,2025-11-10 07:52:56,ESP 5Y,5,3.25,99.4657,0.09278,99.4306,99.5208,3.3679,0.04507,3,2,3.05,3,99.4345,0,1,99.4413
RFQ_0481,2025-11-11 00:02:45,ESP 5Y,5,3.25,99.3994,0.10742,99.3494,99.4396,3.3826,0.04507,2,1,2.05,8,99.4144,0,1,99.4094
RFQ_0482,2025-11-11 00:10:01,ESP 5Y,5,3.25,99.4346,0.09667,99.3867,99.4769,3.3748,0.04507,2,1,3.11,5,99.461,0,0,
RFQ_0483,2025-11-11 00:10:19,ESP 10Y,10,3.5,99.1353,0.1021,99.0642,99.2288,3.6045,0.08229,2,1,25.48,2,99.1532,0,0,
RFQ_0484,2025-11-11 00:15:40,ESP 10Y,10,3.5,99.1477,0.15593,99.0658,99.2304,3.603,0.08229,3,2,1.75,8,99.1155,0,1,99.1183
RFQ_0485,2025-11-11 00:20:50,ESP 10Y,10,3.5,99.1584,0.16635,99.0975,99.2621,3.6017,0.08229,2,1,7.38,3,99.1879,0,1,99.1789
RFQ_0486,2025-11-11 00:23:38,ESP 10Y,10,3.5,99.2145,0.13958,99.1297,99.2943,3.5949,0.08229,1,2,15.51,8,99.1944,0,1,99.2088
RFQ_0487,2025-11-11 00:33:28,ESP 30Y,30,4.0,101.9215,0.27495,101.7316,102.0856,3.8904,0.17696,1,1,16.32,12,101.9292,1,0,
RFQ_0488,2025-11-11 00:41:52,ESP 30Y,30,4.0,101.8577,0.25615,101.7165,102.0705,3.8939,0.17696,3,2,1.14,4,101.7429,0,1,101.7456
RFQ_0489,2025-11-11 01:06:57,ESP 10Y,10,3.5,99.1449,0.1808,99.0717,99.2363,3.6034,0.08229,2,2,9.67,3,99.0909,0,1,99.0947
RFQ_0490,2025-11-11 01:10:49,ESP 10Y,10,3.5,99.1503,0.16583,99.0656,99.2302,3.6027,0.08229,2,2,10.64,2,99.1124,0,0,
RFQ_0491,2025-11-11 01:21:54,ESP 10Y,10,3.5,99.1293,0.10879,99.0547,99.2193,3.6053,0.08229,2,2,8.58,2,99.0966,0,1,99.1108
RFQ_0492,2025-11-11 01:25:06,ESP 2Y,2,2.75,99.4827,0.03935,99.4635,99.5017,3.0204,0.01906,2,2,2.55,7,99.4711,0,0,
RFQ_0493,2025-11-11 01:30:02,ESP 10Y,10,3.5,99.1626,0.14512,99.0631,99.2277,3.6012,0.08229,3,1,0.71,5,99.2276,0,0,
RFQ_0494,2025-11-11 01:34:56,ESP 5Y,5,3.25,99.3875,0.09569,99.3456,99.4358,3.3852,0.04507,3,1,2.12,7,99.4137,0,1,99.4083
RFQ_0495,2025-11-11 01:38:48,ESP 5Y,5,3.25,99.3871,0.09723,99.3485,99.4387,3.3853,0.04507,3,2,2.28,15,99.3503,0,1,99.3511
RFQ_0496,2025-11-11 01:43:11,ESP 15Y,15,3.75,99.5984,0.25371,99.477,99.7016,3.7856,0.11228,2,1,15.5,10,99.648,0,1,99.6309
RFQ_0497,2025-11-11 01:49:27,ESP 30Y,30,4.0,101.8379,0.20856,101.6812,102.0352,3.8951,0.17696,2,1,3.0,1,101.894,1,0,
RFQ_0498,2025-11-11 01:50:20,ESP 15Y,15,3.75,99.6314,0.11342,99.5393,99.7639,3.7827,0.11228,3,1,5.14,15,99.7619,0,1,99.7455
RFQ_0499,2025-11-11 01:55:09,ESP 5Y,5,3.25,99.4268,0.08585,99.3718,99.462,3.3765,0.04507,2,2,41.66,10,99.4154,0,0,
RFQ_0500,2025-11-11 02:11:12,ESP 2Y,2,2.75,99.4754,0.04222,99.4533,99.4915,3.0243,0.01906,3,1,2.82,8,99.4892,0,1,99.4884
RFQ_0501,2025-11-11 02:21:58,ESP 30Y,30,4.0,101.839,0.34522,101.6505,102.0045,3.895,0.17696,3,2,3.46,15,101.7191,0,1,101.7524
RFQ_0502,2025-11-11 02:25:26,ESP 5Y,5,3.25,99.4313,0.07034,99.4039,99.4941,3.3755,0.04507,3,1,6.31,7,99.4699,0,0,
RFQ_0503,2025-11-11 02:33:32,ESP 15Y,15,3.75,99.6556,0.13553,99.5307,99.7553,3.7805,0.11228,1,2,32.21,12,99.6462,0,1,99.6758
RFQ_0504,2025-11-11 02:42:51,ESP 15Y,15,3.75,99.6673,0.21348,99.5501,99.7747,3.7795,0.11228,3,2,4.36,7,99.6331,0,1,99.6362
RFQ_0505,2025-11-11 02:49:55,ESP 5Y,5,3.25,99.4151,0.07099,99.3672,99.4574,3.3791,0.04507,2,1,3.58,15,99.4424,0,0,
RFQ_0506,2025-11-11 02:50:35,ESP 30Y,30,4.0,101.8834,0.23344,101.7208,102.0748,3.8925,0.17696,3,2,6.27,3,101.7972,0,1,101.8285
RFQ_0507,2025-11-11 02:53:52,ESP 15Y,15,3.75,99.5947,0.26368,99.468,99.6926,3.7859,0.11228,2,1,5.02,8,99.6123,0,1,99.6004
RFQ_0508,2025-11-11 03:05:59,ESP 10Y,10,3.5,99.1724,0.1997,99.1031,99.2677,3.6,0.08229,1,2,13.37,3,99.1735,1,0,
RFQ_0509,2025-11-11 03:10:24,ESP 15Y,15,3.75,99.6352,0.12775,99.5344,99.759,3.7823,0.11228,2,1,8.42,10,99.7145,0,1,99.7045
RFQ_0510,2025-11-11 03:23:47,ESP 30Y,30,4.0,101.8837,0.42021,101.6904,102.0444,3.8925,0.17696,3,1,2.76,10,101.8967,0,0,
RFQ_0511,2025-11-11 03:37:46,ESP 10Y,10,3.5,99.1688,0.11447,99.0632,99.2278,3.6005,0.08229,3,1,2.87,12,99.2151,0,1,99.2009
RFQ_0512,2025-11-11 03:38:44,ESP 10Y,10,3.5,99.123,0.12149,99.0402,99.2048,3.606,0.08229,3,1,3.55,10,99.1983,0,1,99.1759
RFQ_0513,2025-11-11 03:42:14,ESP 10Y,10,3.5,99.1442,0.13596,99.0678,99.2324,3.6034,0.08229,2,1,10.35,4,99.2054,0,1,99.1803
RFQ_0514,2025-11-11 03:49:03,ESP 5Y,5,3.25,99.4042,0.06973,99.3547,99.4449,3.3815,0.04507,2,1,5.47,7,99.4157,0,1,99.4072
RFQ_0515,2025-11-11 03:49:23,ESP 30Y,30,4.0,101.8623,0.4166,101.6466,102.0006,3.8937,0.17696,2,2,11.51,2,101.7688,0,1,101.7919
RFQ_0516,2025-11-11 04:00:13,ESP 5Y,5,3.25,99.4151,0.08561,99.3699,99.4601,3.3791,0.04507,3,2,1.48,1,99.37,1,0,
RFQ_0517,2025-11-11 04:00:16,ESP 5Y,5,3.25,99.4292,0.08799,99.3762,99.4664,3.376,0.04507,2,2,5.34,5,99.4159,0,1,99.4264
RFQ_0518,2025-11-11 04:07:44,ESP 10Y,10,3.5,99.1157,0.17362,99.0399,99.2045,3.6069,0.08229,3,1,2.97,7,99.1876,0,1,99.1758
RFQ_0519,2025-11-11 04:13:34,ESP 2Y,2,2.75,99.4836,0.01922,99.4696,99.5078,3.02,0.01906,2,2,5.68,5,99.4697,0,1,99.4749
RFQ_0520,2025-11-11 04:14:07,ESP 10Y,10,3.5,99.1118,0.10839,99.0253,99.1899,3.6074,0.08229,3,1,3.92,7,99.1898,0,1,99.1684
RFQ_0521,2025-11-11 04:14:39,ESP 2Y,2,2.75,99.4782,0.04355,99.46,99.4982,3.0228,0.01906,1,1,14.07,7,99.4784,0,0,
RFQ_0522,2025-11-11 04:17:20,ESP 5Y,5,3.25,99.4092,0.09977,99.3584,99.4486,3.3804,0.04507,3,1,3.12,7,99.4479,0,1,99.4473
RFQ_0523,2025-11-11 04:17:33,ESP 2Y,2,2.75,99.4715,0.02546,99.4494,99.4876,3.0263,0.01906,3,2,2.24,8,99.4541,0,1,99.4581
RFQ_0524,2025-11-11 04:18:43,ESP 10Y,10,3.5,99.1387,0.15066,99.0746,99.2392,3.6041,0.08229,3,2,3.28,2,99.0934,1,0,
RFQ_0525,2025-11-11 04:23:10,ESP 2Y,2,2.75,99.4788,0.04469,99.4603,99.4985,3.0225,0.01906,3,2,2.67,5,99.4689,0,0,
RFQ_0526,2025-11-11 04:35:06,ESP 10Y,10,3.5,99.1639,0.17388,99.05,99.2146,3.601,0.08229,3,2,3.47,6,99.1297,1,0,
RFQ_0527,2025-11-11 04:56:38,ESP 5Y,5,3.25,99.4116,0.10384,99.3693,99.4595,3.3799,0.04507,2,1,15.29,1,99.4257,1,0,
RFQ_0528,2025-11-11 05:00:26,ESP 5Y,5,3.25,99.4401,0.10504,99.393,99.4832,3.3736,0.04507,3,1,4.74,2,99.4831,0,1,99.477
RFQ_0529,2025-11-11 05:04:43,ESP 2Y,2,2.75,99.4833,0.02985,99.4673,99.5055,3.0201,0.01906,3,1,6.56,2,99.5001,0,0,
RFQ_0530,2025-11-11 05:18:29,ESP 5Y,5,3.25,99.3943,0.08456,99.3441,99.4343,3.3837,0.04507,3,1,3.71,7,99.4342,0,1,99.4255
RFQ_0531,2025-11-11 05:20:29,ESP 5Y,5,3.25,99.4323,0.07406,99.3842,99.4744,3.3753,0.04507,2,1,31.23,12,99.4522,0,1,99.4458
RFQ_0532,2025-11-11 05:26:49,ESP 15Y,15,3.75,99.6656,0.27145,99.5488,99.7734,3.7796,0.11228,1,2,20.17,8,99.6828,0,0,
RFQ_0533,2025-11-11 05:34:30,ESP 10Y,10,3.5,99.1283,0.12388,99.0561,99.2207,3.6054,0.08229,2,1,6.06,2,99.1409,0,1,99.1309
RFQ_0534,2025-11-11 05:36:07,ESP 15Y,15,3.75,99.5656,0.20124,99.4466,99.6712,3.7885,0.11228,2,2,8.63,10,99.5349,0,1,99.5403
RFQ_0535,2025-11-11 05:41:38,ESP 2Y,2,2.75,99.4749,0.04269,99.4583,99.4965,3.0245,0.01906,1,2,42.69,2,99.476,0,0,
RFQ_0536,2025-11-11 05:46:50,ESP 10Y,10,3.5,99.0943,0.16372,99.0113,99.1759,3.6095,0.08229,2,2,3.99,6,99.0611,0,1,99.0706
RFQ_0537,2025-11-11 05:50:53,ESP 10Y,10,3.5,99.1097,0.10289,99.0146,99.1792,3.6076,0.08229,2,2,7.71,10,99.1074,0,1,99.1249
RFQ_0538,2025-11-11 05:54:23,ESP 30Y,30,4.0,101.8614,0.28046,101.6612,102.0152,3.8937,0.17696,3,2,2.87,6,101.7456,0,0,
RFQ_0539,2025-11-11 06:07:53,ESP 5Y,5,3.25,99.4198,0.08548,99.3764,99.4666,3.3781,0.04507,1,1,22.66,2,99.4234,0,0,
RFQ_0540,2025-11-11 06:13:04,ESP 30Y,30,4.0,101.8393,0.24952,101.6498,102.0038,3.895,0.17696,2,2,15.79,2,101.7268,0,1,101.7494
RFQ_0541,2025-11-11 06:16:05,ESP 30Y,30,4.0,101.8242,0.25612,101.6215,101.9755,3.8958,0.17696,2,2,6.36,6,101.7239,0,1,101.7517
RFQ_0542,2025-11-11 06:21:51,ESP 10Y,10,3.5,99.1277,0.13096,99.0336,99.1982,3.6054,0.08229,2,2,17.51,3,99.0952,0,1,99.0997
RFQ_0543,2025-11-11 06:29:22,ESP 10Y,10,3.5,99.1409,0.11923,99.0473,99.2119,3.6038,0.08229,2,2,2.57,15,99.1204,0,0,
RFQ_0544,2025-11-11 06:39:41,ESP 10Y,10,3.5,99.1156,0.19799,99.0192,99.1838,3.6069,0.08229,2,1,7.12,7,99.167,0,1,99.1603
RFQ_0545,2025-11-11 06:40:55,ESP 10Y,10,3.5,99.1459,0.12973,99.0712,99.2358,3.6032,0.08229,1,1,13.5,8,99.1566,0,1,99.1517
RFQ_0546,2025-11-11 06:41:44,ESP 15Y,15,3.75,99.6053,0.15666,99.471,99.6956,3.785,0.11228,2,1,17.06,1,99.6282,1,0,
RFQ_0547,2025-11-11 07:05:30,ESP 5Y,5,3.25,99.4089,0.08843,99.3543,99.4445,3.3805,0.04507,2,1,23.4,15,99.4204,0,1,99.4174
RFQ_0548,2025-11-11 07:07:56,ESP 2Y,2,2.75,99.4818,0.03678,99.4683,99.5065,3.0209,0.01906,2,2,4.16,3,99.4758,0,0,
RFQ_0549,2025-11-11 07:09:58,ESP 15Y,15,3.75,99.5794,0.23402,99.5007,99.7253,3.7873,0.11228,3,1,2.27,3,99.7078,0,0,
RFQ_0550,2025-11-11 07:10:37,ESP 10Y,10,3.5,99.0815,0.1908,99.0043,99.1689,3.6111,0.08229,3,2,3.11,6,99.0708,0,1,99.0859
RFQ_0551,2025-11-11 07:12:55,ESP 10Y,10,3.5,99.1433,0.19066,99.0706,99.2352,3.6035,0.08229,2,2,30.96,4,99.1117,0,0,
RFQ_0552,2025-11-11 07:17:30,ESP 30Y,30,4.0,101.783,0.35475,101.646,102.0,3.8982,0.17696,3,1,0.86,12,101.8108,0,1,101.7802
RFQ_0553,2025-11-11 07:17:49,ESP 5Y,5,3.25,99.4028,0.0614,99.3682,99.4584,3.3818,0.04507,2,2,22.33,7,99.3905,0,0,
RFQ_0554,2025-11-11 07:18:30,ESP 15Y,15,3.75,99.6382,0.209,99.5426,99.7672,3.782,0.11228,2,1,6.74,10,99.6574,0,0,
RFQ_0555,2025-11-11 07:24:36,ESP 2Y,2,2.75,99.4861,0.04615,99.4696,99.5078,3.0186,0.01906,2,2,11.9,4,99.4717,0,1,99.472
RFQ_0556,2025-11-11 07:40:46,ESP 15Y,15,3.75,99.5758,0.15862,99.4829,99.7075,3.7876,0.11228,2,1,8.27,6,99.637,0,1,99.6004
RFQ_0557,2025-11-11 07:41:32,ESP 10Y,10,3.5,99.0825,0.09825,99.0027,99.1673,3.6109,0.08229,3,1,1.17,7,99.1285,0,1,99.1165
RFQ_0558,2025-11-11 07:42:56,ESP 15Y,15,3.75,99.6473,0.21058,99.5584,99.783,3.7812,0.11228,2,1,18.49,8,99.7482,0,1,99.7164
RFQ_0559,2025-11-11 07:46:15,ESP 2Y,2,2.75,99.4623,0.0462,99.4454,99.4836,3.0311,0.01906,2,1,23.94,12,99.4675,0,1,99.4626
RFQ_0560,2025-11-11 07:51:27,ESP 10Y,10,3.5,99.1398,0.14941,99.0638,99.2284,3.604,0.08229,1,2,13.94,6,99.1465,1,0,
RFQ_0561,2025-11-12 00:10:35,ESP 10Y,10,3.5,99.1751,0.09592,99.0812,99.2458,3.5997,0.08229,3,1,1.88,2,99.2219,0,1,99.2048
RFQ_0562,2025-11-12 00:15:58,ESP 15Y,15,3.75,99.6512,0.26667,99.5189,99.7435,3.7809,0.11228,3,1,1.35,7,99.7177,0,1,99.7051
RFQ_0563,2025-11-12 00:18:14,ESP 5Y,5,3.25,99.4456,0.09505,99.4157,99.5059,3.3723,0.04507,1,2,18.61,2,99.4417,0,1,99.4483
RFQ_0564,2025-11-12 00:30:12,ESP 30Y,30,4.0,101.8992,0.28696,101.7091,102.0631,3.8916,0.17696,2,2,15.37,4,101.8237,0,0,
RFQ_0565,2025-11-12 00:37:57,ESP 30Y,30,4.0,101.9822,0.33439,101.8003,102.1543,3.8869,0.17696,2,1,8.32,4,102.0229,0,1,101.9688
RFQ_0566,2025-11-12 00:38:58,ESP 5Y,5,3.25,99.4163,0.09387,99.3788,99.469,3.3788,0.04507,3,1,4.73,6,99.4531,0,0,
RFQ_0567,2025-11-12 00:45:05,ESP 30Y,30,4.0,102.0068,0.26697,101.8259,102.1799,3.8856,0.17696,2,1,2.7,15,102.0816,0,0,
RFQ_0568,2025-11-12 00:54:34,ESP 15Y,15,3.75,99.6354,0.20317,99.5051,99.7297,3.7823,0.11228,3,2,3.86,7,99.5588,0,1,99.5772
RFQ_0569,2025-11-12 01:10:52,ESP 10Y,10,3.5,99.1596,0.12541,99.127,99.2916,3.6016,0.08229,2,1,4.44,8,99.1837,0,0,
RFQ_0570,2025-11-12 01:14:17,ESP 30Y,30,4.0,101.9873,0.35172,101.769,102.123,3.8867,0.17696,3,1,3.08,5,102.1229,0,1,102.0878
RFQ_0571,2025-11-12 01:15:20,ESP 30Y,30,4.0,101.9309,0.24781,101.7914,102.1454,3.8898,0.17696,2,2,3.35,15,101.9024,0,1,101.9398
RFQ_0572,2025-11-12 01:15:24,ESP 30Y,30,4.0,101.9787,0.36984,101.8461,102.2001,3.8871,0.17696,3,2,1.3,4,101.8462,0,1,101.8594
RFQ_0573,2025-11-12 01:17:10,ESP 15Y,15,3.75,99.6065,0.25518,99.5372,99.7618,3.7849,0.11228,1,2,25.56,2,99.5373,0,0,
RFQ_0574,2025-11-12 01:17:43,ESP 10Y,10,3.5,99.1547,0.11677,99.0763,99.2409,3.6022,0.08229,2,2,12.21,12,99.1216,0,1,99.1273
RFQ_0575,2025-11-12 01:19:20,ESP 5Y,5,3.25,99.4283,0.08222,99.3899,99.4801,3.3762,0.04507,2,1,7.6,5,99.422,0,1,99.4166
RFQ_0576,2025-11-12 01:25:02,ESP 15Y,15,3.75,99.638,0.14745,99.5235,99.7481,3.7821,0.11228,3,2,2.16,2,99.5382,0,0,
RFQ_0577,2025-11-12 01:27:29,ESP 5Y,5,3.25,99.4415,0.09763,99.3929,99.4831,3.3733,0.04507,3,2,0.96,2,99.393,0,0,
RFQ_0578,2025-11-12 01:32:07,ESP 10Y,10,3.5,99.1908,0.10295,99.1092,99.2738,3.5978,0.08229,2,2,22.98,6,99.1399,0,1,99.1558
RFQ_0579,2025-11-12 01:32:28,ESP 5Y,5,3.25,99.4116,0.06297,99.3637,99.4539,3.3799,0.04507,3,1,1.45,2,99.4522,0,1,99.448
RFQ_0580,2025-11-12 01:33:44,ESP 5Y,5,3.25,99.4495,0.073,99.4184,99.5086,3.3715,0.04507,2,1,19.17,8,99.4557,0,1,99.4489
RFQ_0581,2025-11-12 01:38:31,ESP 10Y,10,3.5,99.1826,0.08293,99.1018,99.2664,3.5988,0.08229,1,1,24.36,3,99.1887,0,1,99.1855
RFQ_0582,2025-11-12 01:39:19,ESP 10Y,10,3.5,99.172,0.16376,99.0937,99.2583,3.6001,0.08229,3,2,5.47,5,99.1198,0,1,99.1282
RFQ_0583,2025-11-12 01:56:24,ESP 30Y,30,4.0,101.8986,0.23283,101.6848,102.0388,3.8916,0.17696,1,2,13.04,2,101.8968,1,0,
RFQ_0584,2025-11-12 01:57:02,ESP 30Y,30,4.0,102.0876,0.28725,101.8887,102.2427,3.881,0.17696,3,1,3.55,8,102.1863,0,0,
RFQ_0585,2025-11-12 02:00:44,ESP 5Y,5,3.25,99.4512,0.08596,99.4172,99.5074,3.3711,0.04507,2,1,1.95,10,99.4722,0,1,99.472
RFQ_0586,2025-11-12 02:08:12,ESP 30Y,30,4.0,102.0087,0.2827,101.8223,102.1763,3.8854,0.17696,3,2,2.26,10,101.9378,0,1,101.9484
RFQ_0587,2025-11-12 02:15:50,ESP 5Y,5,3.25,99.4422,0.07544,99.395,99.4852,3.3731,0.04507,3,1,3.99,3,99.4713,0,1,99.4608
RFQ_0588,2025-11-12 02:22:29,ESP 30Y,30,4.0,101.9669,0.30758,101.8143,102.1683,3.8878,0.17696,3,1,1.05,5,102.1186,0,0,
RFQ_0589,2025-11-12 02:29:34,ESP 10Y,10,3.5,99.167,0.15344,99.0694,99.234,3.6007,0.08229,3,1,10.86,5,99.1914,0,1,99.189
RFQ_0590,2025-11-12 02:34:16,ESP 10Y,10,3.5,99.1451,0.11287,99.0809,99.2455,3.6033,0.08229,3,1,7.98,15,99.1754,0,1,99.1715
RFQ_0591,2025-11-12 03:05:28,ESP 15Y,15,3.75,99.6538,0.14897,99.5469,99.7715,3.7807,0.11228,2,2,15.87,2,99.6122,0,1,99.6458
RFQ_0592,2025-11-12 03:05:40,ESP 5Y,5,3.25,99.4365,0.08343,99.4,99.4902,3.3744,0.04507,1,2,29.46,15,99.4277,0,1,99.4282
RFQ_0593,2025-11-12 03:08:41,ESP 5Y,5,3.25,99.452,0.09593,99.3952,99.4854,3.3709,0.04507,3,2,1.69,5,99.4122,0,1,99.4168
RFQ_0594,2025-11-12 03:11:10,ESP 30Y,30,4.0,102.0174,0.25363,101.8458,102.1998,3.885,0.17696,2,1,1.94,1,102.047,1,0,
RFQ_0595,2025-11-12 03:12:29,ESP 30Y,30,4.0,101.9531,0.19795,101.744,102.098,3.8886,0.17696,3,2,1.53,10,101.8763,0,1,101.8827
RFQ_0596,2025-11-12 03:12:37,ESP 10Y,10,3.5,99.1613,0.099,99.0859,99.2505,3.6014,0.08229,2,1,23.95,12,99.1739,0,0,
RFQ_0597,2025-11-12 03:19:10,ESP 15Y,15,3.75,99.6055,0.21788,99.4891,99.7137,3.785,0.11228,1,1,17.13,12,99.6352,0,1,99.6325
RFQ_0598,2025-11-12 03:24:08,ESP 5Y,5,3.25,99.44,0.05221,99.3784,99.4686,3.3736,0.04507,2,2,6.59,5,99.4159,0,1,99.4217
RFQ_0599,2025-11-12 03:29:29,ESP 15Y,15,3.75,99.5899,0.23752,99.4935,99.7181,3.7863,0.11228,3,2,1.11,10,99.5207,0,1,99.5307
RFQ_0600,2025-11-12 03:35:20,ESP 5Y,5,3.25,99.4397,0.07895,99.3843,99.4745,3.3737,0.04507,3,1,8.05,5,99.4709,0,1,99.4553
RFQ_0601,2025-11-12 03:37:34,ESP 5Y,5,3.25,99.4447,0.06295,99.4134,99.5036,3.3725,0.04507,1,2,12.56,2,99.4352,1,0,
RFQ_0602,2025-11-12 03:38:13,ESP 10Y,10,3.5,99.1626,0.11668,99.0895,99.2541,3.6012,0.08229,3,1,2.07,8,99.1926,0,1,99.1867
RFQ_0603,2025-11-12 03:41:33,ESP 15Y,15,3.75,99.592,0.27949,99.4868,99.7114,3.7861,0.11228,2,2,6.88,6,99.551,0,0,
RFQ_0604,2025-11-12 03:48:18,ESP 5Y,5,3.25,99.4311,0.0505,99.3795,99.4697,3.3756,0.04507,2,2,12.69,10,99.3995,0,1,99.4107
RFQ_0605,2025-11-12 03:54:26,ESP 10Y,10,3.5,99.1728,0.08952,99.0834,99.248,3.6,0.08229,3,1,4.43,3,99.2355,0,0,
RFQ_0606,2025-11-12 04:03:14,ESP 30Y,30,4.0,101.9484,0.27231,101.7712,102.1252,3.8888,0.17696,2,1,7.08,6,102.0123,0,1,101.9806
RFQ_0607,2025-11-12 04:16:22,ESP 5Y,5,3.25,99.4365,0.10086,99.392,99.4822,3.3744,0.04507,2,1,4.33,1,99.457,1,0,
RFQ_0608,2025-11-12 04:23:48,ESP 15Y,15,3.75,99.6154,0.23882,99.4992,99.7238,3.7841,0.11228,3,2,1.47,7,99.5713,0,1,99.598
RFQ_0609,2025-11-12 04:32:06,ESP 30Y,30,4.0,101.9779,0.36843,101.8356,102.1896,3.8872,0.17696,1,2,40.07,2,101.9917,1,0,
RFQ_0610,2025-11-12 04:34:08,ESP 15Y,15,3.75,99.5836,0.23465,99.4823,99.7069,3.7869,0.11228,3,1,6.15,8,99.6189,0,0,
RFQ_0611,2025-11-12 04:39:42,ESP 10Y,10,3.5,99.1858,0.16488,99.1109,99.2755,3.5984,0.08229,2,2,17.9,2,99.1502,0,1,99.1656
RFQ_0612,2025-11-12 04:46:03,ESP 2Y,2,2.75,99.4821,0.02164,99.4638,99.502,3.0207,0.01906,2,2,0.92,6,99.4725,0,0,
RFQ_0613,2025-11-12 05:05:57,ESP 10Y,10,3.5,99.1741,0.18987,99.0973,99.2619,3.5998,0.08229,1,2,16.39,8,99.1599,1,0,
RFQ_0614,2025-11-12 05:11:05,ESP 15Y,15,3.75,99.5844,0.22924,99.4611,99.6857,3.7868,0.11228,1,1,25.17,7,99.6105,0,0,
RFQ_0615,2025-11-12 05:11:52,ESP 30Y,30,4.0,102.0085,0.39575,101.8291,102.1831,3.8855,0.17696,2,2,6.59,1,101.9165,1,0,
RFQ_0616,2025-11-12 05:14:27,ESP 10Y,10,3.5,99.1818,0.19738,99.1153,99.2799,3.5989,0.08229,1,2,8.81,12,99.1736,0,1,99.1753
RFQ_0617,2025-11-12 05:14:35,ESP 10Y,10,3.5,99.1872,0.18599,99.071,99.2356,3.5982,0.08229,3,2,7.96,8,99.17,0,1,99.1823
RFQ_0618,2025-11-12 05:24:22,ESP 15Y,15,3.75,99.6084,0.11678,99.4763,99.7009,3.7847,0.11228,1,2,46.25,1,99.6306,1,0,
RFQ_0619,2025-11-12 05:38:37,ESP 5Y,5,3.25,99.4496,0.09212,99.4021,99.4923,3.3715,0.04507,2,2,5.58,12,99.4166,0,0,
RFQ_0620,2025-11-12 05:39:03,ESP 15Y,15,3.75,99.6864,0.17857,99.552,99.7766,3.7778,0.11228,2,1,3.46,4,99.7277,0,0,
RFQ_0621,2025-11-12 05:58:44,ESP 10Y,10,3.5,99.1986,0.08315,99.1072,99.2718,3.5968,0.08229,2,1,22.71,8,99.2069,0,1,99.1867
RFQ_0622,2025-11-12 05:59:22,ESP 15Y,15,3.75,99.6297,0.11668,99.5147,99.7393,3.7828,0.11228,3,2,1.88,7,99.5347,0,0,
RFQ_0623,2025-11-12 06:04:45,ESP 5Y,5,3.25,99.4184,0.08984,99.3701,99.4603,3.3784,0.04507,2,2,12.25,3,99.3937,0,1,99.4001
RFQ_0624,2025-11-12 06:10:12,ESP 30Y,30,4.0,101.918,0.25814,101.761,102.115,3.8906,0.17696,1,2,9.82,2,101.9407,0,0,
RFQ_0625,2025-11-12 06:12:01,ESP 2Y,2,2.75,99.4777,0.03751,99.4588,99.497,3.0231,0.01906,3,1,3.53,10,99.492,0,1,99.4863
RFQ_0626,2025-11-12 06:20:34,ESP 5Y,5,3.25,99.436,0.06977,99.3887,99.4789,3.3745,0.04507,3,2,1.16,6,99.4221,0,1,99.4296
RFQ_0627,2025-11-12 06:20:58,ESP 15Y,15,3.75,99.6353,0.2692,99.5309,99.7555,3.7823,0.11228,3,2,3.4,6,99.5812,0,0,
RFQ_0628,2025-11-12 06:26:55,ESP 15Y,15,3.75,99.6454,0.13865,99.5327,99.7573,3.7814,0.11228,2,1,5.32,15,99.6721,0,1,99.6546
RFQ_0629,2025-11-12 06:37:56,ESP 5Y,5,3.25,99.4586,0.06332,99.4152,99.5054,3.3695,0.04507,2,1,3.23,7,99.4849,0,0,
RFQ_0630,2025-11-12 06:58:14,ESP 5Y,5,3.25,99.4532,0.06838,99.4069,99.4971,3.3707,0.04507,2,1,7.85,3,99.4688,0,1,99.4542
RFQ_0631,2025-11-12 07:02:36,ESP 15Y,15,3.75,99.5725,0.21104,99.4376,99.6622,3.7879,0.11228,3,1,2.11,12,99.6407,0,1,99.6179
RFQ_0632,2025-11-12 07:09:51,ESP 5Y,5,3.25,99.4312,0.10598,99.3968,99.487,3.3755,0.04507,2,2,17.49,15,99.4234,0,1,99.4269
RFQ_0633,2025-11-12 07:12:31,ESP 5Y,5,3.25,99.4294,0.10007,99.3751,99.4653,3.3759,0.04507,2,1,19.33,6,99.4431,0,1,99.4387
RFQ_0634,2025-11-12 07:21:03,ESP 15Y,15,3.75,99.6096,0.20196,99.5135,99.7381,3.7846,0.11228,3,2,0.9,7,99.5633,0,0,
RFQ_0635,2025-11-12 07:25:08,ESP 10Y,10,3.5,99.1492,0.09903,99.0644,99.229,3.6028,0.08229,1,1,32.66,2,99.1539,0,0,
RFQ_0636,2025-11-12 07:25:32,ESP 10Y,10,3.5,99.1282,0.13131,99.0262,99.1908,3.6054,0.08229,2,2,29.63,8,99.1222,0,1,99.1285
RFQ_0637,2025-11-12 07:25:43,ESP 10Y,10,3.5,99.1773,0.15931,99.0878,99.2524,3.5994,0.08229,3,2,4.05,2,99.1128,0,1,99.1267
RFQ_0638,2025-11-12 07:32:42,ESP 30Y,30,4.0,101.9186,0.20179,101.7555,102.1095,3.8905,0.17696,3,2,10.42,15,101.8133,0,1,101.8417
RFQ_0639,2025-11-12 07:42:11,ESP 10Y,10,3.5,99.1579,0.11438,99.0927,99.2573,3.6018,0.08229,1,2,13.15,4,99.0928,0,1,99.0987
RFQ_0640,2025-11-12 07:57:24,ESP 10Y,10,3.5,99.1967,0.10299,99.119,99.2836,3.5971,0.08229,1,1,15.12,2,99.1971,0,1,99.1881
RFQ_0641,2025-11-13 00:11:09,ESP 30Y,30,4.0,101.9738,0.39599,101.804,102.158,3.8874,0.17696,3,2,6.49,15,101.9251,0,0,
RFQ_0642,2025-11-13 00:13:20,ESP 30Y,30,4.0,102.023,0.21436,101.8494,102.2034,3.8846,0.17696,3,2,2.64,2,101.9324,0,1,101.9619
RFQ_0643,2025-11-13 00:15:36,ESP 10Y,10,3.5,99.1857,0.20343,99.0844,99.249,3.5984,0.08229,3,2,18.14,7,99.1409,0,0,
RFQ_0644,2025-11-13 00:16:52,ESP 10Y,10,3.5,99.1684,0.17201,99.0925,99.2571,3.6005,0.08229,2,2,17.58,7,99.1423,0,1,99.1554
RFQ_0645,2025-11-13 00:26:50,ESP 2Y,2,2.75,99.4759,0.02751,99.4544,99.4926,3.024,0.01906,1,2,7.02,2,99.4762,1,0,
RFQ_0646,2025-11-13 00:27:31,ESP 10Y,10,3.5,99.1864,0.15101,99.1237,99.2883,3.5983,0.08229,3,1,1.46,7,99.2374,0,1,99.228
RFQ_0647,2025-11-13 00:30:54,ESP 5Y,5,3.25,99.3931,0.07755,99.3396,99.4298,3.384,0.04507,3,2,5.6,3,99.3628,0,1,99.3631
RFQ_0648,2025-11-13 00:46:47,ESP 30Y,30,4.0,101.9923,0.3079,101.822,102.176,3.8864,0.17696,2,2,8.06,6,101.8961,0,0,
RFQ_0649,2025-11-13 00:54:16,ESP 10Y,10,3.5,99.1946,0.20503,99.1022,99.2668,3.5973,0.08229,2,2,1.81,6,99.1414,0,1,99.1545
RFQ_0650,2025-11-13 00:58:52,ESP 10Y,10,3.5,99.2115,0.11011,99.157,99.3216,3.5953,0.08229,3,2,2.37,1,99.1571,1,0,
RFQ_0651,2025-11-13 01:05:40,ESP 2Y,2,2.75,99.4744,0.03839,99.4506,99.4888,3.0248,0.01906,3,1,11.24,4,99.4833,0,0,
RFQ_0652,2025-11-13 01:10:18,ESP 10Y,10,3.5,99.1933,0.14885,99.092,99.2566,3.5975,0.08229,3,2,3.54,10,99.1366,0,1,99.1536
RFQ_0653,2025-11-13 01:20:36,ESP 15Y,15,3.75,99.4934,0.23745,99.3772,99.6018,3.7949,0.11228,3,1,1.45,4,99.5555,0,1,99.5409
RFQ_0654,2025-11-13 01:22:10,ESP 15Y,15,3.75,99.5312,0.13926,99.4175,99.6421,3.7916,0.11228,3,1,2.38,6,99.5903,0,0,
RFQ_0655,2025-11-13 01:23:18,ESP 10Y,10,3.5,99.184,0.14293,99.1131,99.2777,3.5986,0.08229,2,1,4.92,12,99.2208,0,1,99.2002
RFQ_0656,2025-11-13 01:31:57,ESP 10Y,10,3.5,99.1873,0.11768,99.1168,99.2814,3.5982,0.08229,2,1,5.5,7,99.203,0,1,99.1859
RFQ_0657,2025-11-13 01:37:34,ESP 10Y,10,3.5,99.1823,0.09934,99.0918,99.2564,3.5988,0.08229,3,2,13.01,6,99.0982,0,1,99.1103
RFQ_0658,2025-11-13 01:45:16,ESP 30Y,30,4.0,102.1323,0.25787,101.9085,102.2625,3.8785,0.17696,1,2,52.85,2,102.121,0,1,102.1659
RFQ_0659,2025-11-13 01:48:52,ESP 10Y,10,3.5,99.1921,0.15282,99.1155,99.2801,3.5976,0.08229,3,2,4.03,4,99.1626,0,1,99.1818
RFQ_0660,2025-11-13 01:49:20,ESP 15Y,15,3.75,99.5271,0.23322,99.4326,99.6572,3.7919,0.11228,2,1,2.89,2,99.5704,0,0,
RFQ_0661,2025-11-13 01:49:49,ESP 30Y,30,4.0,102.107,0.19405,101.9268,102.2808,3.8799,0.17696,3,2,4.05,7,102.0126,0,0,
RFQ_0662,2025-11-13 01:58:15,ESP 5Y,5,3.25,99.4034,0.08528,99.3625,99.4527,3.3817,0.04507,1,2,13.54,8,99.3993,0,1,99.4087
RFQ_0663,2025-11-13 01:59:57,ESP 2Y,2,2.75,99.4767,0.04549,99.4571,99.4953,3.0236,0.01906,3,1,2.3,2,99.4927,0,0,
RFQ_0664,2025-11-13 02:00:02,ESP 15Y,15,3.75,99.5194,0.12661,99.4244,99.649,3.7926,0.11228,3,2,4.57,6,99.4245,0,0,
RFQ_0665,2025-11-13 02:00:17,ESP 15Y,15,3.75,99.5623,0.20199,99.4529,99.6775,3.7888,0.11228,2,1,13.76,7,99.5963,0,0,
RFQ_0666,2025-11-13 02:06:01,ESP 15Y,15,3.75,99.5524,0.24113,99.4435,99.6681,3.7897,0.11228,3,1,7.37,8,99.6621,0,1,99.64
RFQ_0667,2025-11-13 02:07:24,ESP 15Y,15,3.75,99.5576,0.16024,99.4577,99.6823,3.7892,0.11228,3,1,2.62,2,99.6368,0,0,
RFQ_0668,2025-11-13 02:07:49,ESP 15Y,15,3.75,99.5225,0.18377,99.4018,99.6264,3.7923,0.11228,2,1,26.01,3,99.6077,0,0,
RFQ_0669,2025-11-13 02:09:24,ESP 15Y,15,3.75,99.4988,0.23793,99.4142,99.6388,3.7944,0.11228,3,2,1.98,6,99.4148,0,1,99.4461
RFQ_0670,2025-11-13 02:09:41,ESP 30Y,30,4.0,102.0297,0.4081,101.8377,102.1917,3.8843,0.17696,3,2,2.46,6,101.8505,0,1,101.8876
RFQ_0671,2025-11-13 02:13:44,ESP 10Y,10,3.5,99.1383,0.1107,99.0509,99.2155,3.6042,0.08229,2,2,2.51,8,99.097,0,1,99.1179
RFQ_0672,2025-11-13 02:20:02,ESP 5Y,5,3.25,99.3539,0.05453,99.3163,99.4065,3.3927,0.04507,2,1,0.97,2,99.355,0,1,99.3459
RFQ_0673,2025-11-13 02:20:55,ESP 10Y,10,3.5,99.1687,0.20108,99.0955,99.2601,3.6005,0.08229,2,1,7.43,12,99.1746,0,1,99.1614
RFQ_0674,2025-11-13 02:34:19,ESP 15Y,15,3.75,99.6174,0.17253,99.4709,99.6955,3.7839,0.11228,3,2,2.85,3,99.5625,0,0,
RFQ_0675,2025-11-13 02:38:16,ESP 10Y,10,3.5,99.1706,0.15179,99.0788,99.2434,3.6002,0.08229,3,1,2.24,8,99.2307,0,0,
RFQ_0676,2025-11-13 02:41:31,ESP 10Y,10,3.5,99.1631,0.11195,99.0807,99.2453,3.6011,0.08229,3,2,2.94,4,99.0991,0,1,99.1077
RFQ_0677,2025-11-13 02:50:19,ESP 30Y,30,4.0,101.9021,0.36475,101.7114,102.0654,3.8914,0.17696,3,2,3.86,5,101.7713,0,1,101.7895
RFQ_0678,2025-11-13 03:10:35,ESP 15Y,15,3.75,99.4831,0.13001,99.3707,99.5953,3.7958,0.11228,2,1,13.18,15,99.5004,0,1,99.4609
RFQ_0679,2025-11-13 03:14:28,ESP 10Y,10,3.5,99.1589,0.12627,99.1033,99.2679,3.6017,0.08229,3,2,3.6,7,99.1077,0,1,99.1123
RFQ_0680,2025-11-13 03:17:25,ESP 10Y,10,3.5,99.2125,0.20142,99.146,99.3106,3.5951,0.08229,2,1,2.44,7,99.2363,0,1,99.2248
RFQ_0681,2025-11-13 03:21:36,ESP 10Y,10,3.5,99.1858,0.08963,99.0927,99.2573,3.5984,0.08229,3,2,2.86,1,99.12,1,0,
RFQ_0682,2025-11-13 03:21:57,ESP 10Y,10,3.5,99.1678,0.12081,99.0786,99.2432,3.6006,0.08229,1,2,21.83,3,99.1652,0,1,99.1744
RFQ_0683,2025-11-13 03:27:12,ESP 10Y,10,3.5,99.1767,0.1012,99.0783,99.2429,3.5995,0.08229,1,1,15.83,15,99.1844,0,0,
RFQ_0684,2025-11-13 03:28:09,ESP 15Y,15,3.75,99.5446,0.20789,99.3987,99.6233,3.7904,0.11228,3,2,1.02,15,99.4516,0,1,99.4745
RFQ_0685,2025-11-13 03:38:31,ESP 30Y,30,4.0,101.9504,0.19876,101.7688,102.1228,3.8887,0.17696,1,1,4.06,15,101.9723,0,1,101.9458
RFQ_0686,2025-11-13 03:39:06,ESP 15Y,15,3.75,99.6379,0.12467,99.4908,99.7154,3.7821,0.11228,1,1,10.87,10,99.6616,0,1,99.6349
RFQ_0687,2025-11-13 03:39:41,ESP 15Y,15,3.75,99.5055,0.13974,99.3767,99.6013,3.7938,0.11228,2,1,5.4,15,99.5552,0,1,99.5527
RFQ_0688,2025-11-13 03:52:31,ESP 5Y,5,3.25,99.3988,0.11128,99.3579,99.4481,3.3827,0.04507,2,2,6.24,6,99.3866,0,0,
RFQ_0689,2025-11-13 04:16:12,ESP 10Y,10,3.5,99.1922,0.08802,99.1202,99.2848,3.5976,0.08229,2,1,15.87,6,99.2434,0,1,99.242
RFQ_0690,2025-11-13 04:16:14,ESP 30Y,30,4.0,101.8988,0.34397,101.6985,102.0525,3.8916,0.17696,1,1,23.28,4,101.899,1,0,
RFQ_0691,2025-11-13 04:17:53,ESP 15Y,15,3.75,99.4936,0.23563,99.3861,99.6107,3.7949,0.11228,3,2,6.81,7,99.5075,0,1,99.5218
RFQ_0692,2025-11-13 04:22:12,ESP 5Y,5,3.25,99.3936,0.08975,99.3308,99.421,3.3839,0.04507,2,2,7.42,3,99.3779,0,1,99.3835
RFQ_0693,2025-11-13 04:22:45,ESP 15Y,15,3.75,99.5627,0.25695,99.4735,99.6981,3.7888,0.11228,3,2,6.69,3,99.532,0,0,
RFQ_0694,2025-11-13 04:22:58,ESP 15Y,15,3.75,99.5374,0.25013,99.4402,99.6648,3.791,0.11228,1,1,74.91,6,99.5579,1,0,
RFQ_0695,2025-11-13 04:27:22,ESP 5Y,5,3.25,99.4056,0.09332,99.3592,99.4494,3.3812,0.04507,2,1,5.74,15,99.4287,0,1,99.4199
RFQ_0696,2025-11-13 04:33:47,ESP 5Y,5,3.25,99.3728,0.05002,99.3201,99.4103,3.3885,0.04507,2,1,3.54,10,99.3898,0,1,99.3859
RFQ_0697,2025-11-13 04:54:03,ESP 15Y,15,3.75,99.5507,0.25704,99.4507,99.6753,3.7898,0.11228,1,1,4.41,3,99.5577,0,1,99.5519
RFQ_0698,2025-11-13 04:58:39,ESP 15Y,15,3.75,99.5416,0.17691,99.4225,99.6471,3.7906,0.11228,3,2,4.7,10,99.4364,0,0,
RFQ_0699,2025-11-13 05:05:59,ESP 5Y,5,3.25,99.412,0.08704,99.3712,99.4614,3.3798,0.04507,2,2,7.02,2,99.4085,0,0,
RFQ_0700,2025-11-13 05:06:00,ESP 5Y,5,3.25,99.4149,0.06025,99.3647,99.4549,3.3791,0.04507,1,1,21.53,4,99.4327,0,1,99.4284
RFQ_0701,2025-11-13 05:12:49,ESP 5Y,5,3.25,99.3889,0.10911,99.3317,99.4219,3.3849,0.04507,2,1,24.69,4,99.409,0,1,99.4087
RFQ_0702,2025-11-13 05:32:40,ESP 2Y,2,2.75,99.4698,0.02381,99.4491,99.4873,3.0272,0.01906,1,2,7.26,8,99.4652,0,1,99.4711
RFQ_0703,2025-11-13 05:35:07,ESP 10Y,10,3.5,99.198,0.09535,99.1388,99.3034,3.5969,0.08229,3,2,3.01,6,99.1405,0,1,99.1572
RFQ_0704,2025-11-13 05:36:18,ESP 15Y,15,3.75,99.5743,0.17654,99.4629,99.6875,3.7877,0.11228,1,2,30.78,3,99.5205,0,0,
RFQ_0705,2025-11-13 05:37:04,ESP 10Y,10,3.5,99.1662,0.17291,99.0915,99.2561,3.6008,0.08229,2,1,12.84,8,99.1912,0,0,
RFQ_0706,2025-11-13 05:55:51,ESP 15Y,15,3.75,99.5735,0.25768,99.4482,99.6728,3.7878,0.11228,3,2,2.49,8,99.5102,0,1,99.5143
RFQ_0707,2025-11-13 06:04:59,ESP 5Y,5,3.25,99.3902,0.08917,99.3412,99.4314,3.3846,0.04507,3,1,1.29,3,99.4168,0,1,99.4112
RFQ_0708,2025-11-13 06:13:24,ESP 15Y,15,3.75,99.4993,0.2031,99.3886,99.6132,3.7944,0.11228,2,1,10.33,15,99.5151,0,1,99.4932
RFQ_0709,2025-11-13 06:30:56,ESP 5Y,5,3.25,99.3984,0.08793,99.3405,99.4307,3.3828,0.04507,3,1,3.26,15,99.4306,0,0,
RFQ_0710,2025-11-13 06:40:15,ESP 10Y,10,3.5,99.1901,0.14537,99.1027,99.2673,3.5979,0.08229,2,1,3.27,2,99.2351,0,1,99.2175
RFQ_0711,2025-11-13 06:45:29,ESP 10Y,10,3.5,99.2198,0.17308,99.1363,99.3009,3.5943,0.08229,1,1,6.61,10,99.2232,1,0,
RFQ_0712,2025-11-13 07:01:17,ESP 5Y,5,3.25,99.3991,0.06351,99.3526,99.4428,3.3826,0.04507,3,2,5.42,3,99.37,0,1,99.3763
RFQ_0713,2025-11-13 07:11:18,ESP 5Y,5,3.25,99.4049,0.04703,99.36,99.4502,3.3814,0.04507,2,2,13.62,6,99.3998,0,0,
RFQ_0714,2025-11-13 07:14:16,ESP 5Y,5,3.25,99.3969,0.09537,99.3598,99.45,3.3831,0.04507,3,2,0.51,2,99.3599,0,0,
RFQ_0715,2025-11-13 07:41:49,ESP 15Y,15,3.75,99.5378,0.1162,99.4074,99.632,3.791,0.11228,2,2,7.93,3,99.4241,0,1,99.4366
RFQ_0716,2025-11-13 07:43:03,ESP 15Y,15,3.75,99.5512,0.28061,99.4539,99.6785,3.7898,0.11228,3,2,5.62,6,99.4783,0,1,99.5014
RFQ_0717,2025-11-13 07:47:23,ESP 5Y,5,3.25,99.3987,0.0859,99.3467,99.4369,3.3827,0.04507,3,2,9.27,2,99.3599,0,1,99.3638
RFQ_0718,2025-11-13 07:48:42,ESP 2Y,2,2.75,99.4711,0.02974,99.4601,99.4983,3.0265,0.01906,1,2,102.8,8,99.4726,1,0,
RFQ_0719,2025-11-13 07:56:06,ESP 10Y,10,3.5,99.2136,0.14252,99.1374,99.302,3.595,0.08229,3,2,1.42,5,99.1661,0,1,99.1761
RFQ_0720,2025-11-13 07:58:42,ESP 15Y,15,3.75,99.5246,0.17802,99.4017,99.6263,3.7921,0.11228,3,2,13.36,12,99.4137,0,0,
RFQ_0721,2025-11-14 00:18:46,ESP 15Y,15,3.75,99.4984,0.17282,99.3813,99.6059,3.7945,0.11228,2,1,2.09,3,99.5606,0,1,99.5354
RFQ_0722,2025-11-14 00:18:54,ESP 5Y,5,3.25,99.4332,0.0545,99.3805,99.4707,3.3751,0.04507,2,1,6.46,15,99.4706,0,1,99.4704
RFQ_0723,2025-11-14 00:21:31,ESP 10Y,10,3.5,99.2159,0.10766,99.1318,99.2964,3.5947,0.08229,2,1,7.27,5,99.2277,0,1,99.2075
RFQ_0724,2025-11-14 00:29:41,ESP 15Y,15,3.75,99.4824,0.22551,99.3624,99.587,3.7959,0.11228,2,2,4.15,2,99.4708,0,1,99.4993
RFQ_0725,2025-11-14 00:56:55,ESP 10Y,10,3.5,99.2949,0.10073,99.2019,99.3665,3.5851,0.08229,3,1,13.09,10,99.3596,0,1,99.3447
RFQ_0726,2025-11-14 00:58:03,ESP 2Y,2,2.75,99.4644,0.04688,99.4497,99.4879,3.03,0.01906,1,2,53.39,3,99.4667,1,0,
RFQ_0727,2025-11-14 01:04:20,ESP 5Y,5,3.25,99.4169,0.09749,99.3722,99.4624,3.3787,0.04507,2,2,11.72,3,99.406,0,1,99.4155
RFQ_0728,2025-11-14 01:09:15,ESP 10Y,10,3.5,99.2234,0.11312,99.1553,99.3199,3.5938,0.08229,3,2,2.27,2,99.1608,0,0,
RFQ_0729,2025-11-14 01:10:21,ESP 10Y,10,3.5,99.2455,0.12011,99.1503,99.3149,3.5911,0.08229,3,1,1.19,3,99.3088,0,1,99.2889
RFQ_0730,2025-11-14 01:15:23,ESP 5Y,5,3.25,99.4442,0.0975,99.4003,99.4905,3.3727,0.04507,3,2,1.71,6,99.4052,0,1,99.4103
RFQ_0731,2025-11-14 01:30:07,ESP 10Y,10,3.5,99.2235,0.09301,99.1325,99.2971,3.5938,0.08229,2,1,14.55,6,99.2826,0,1,99.2783
RFQ_0732,2025-11-14 01:32:10,ESP 10Y,10,3.5,99.2115,0.10382,99.1435,99.3081,3.5953,0.08229,2,2,5.55,7,99.1814,0,0,
RFQ_0733,2025-11-14 01:34:32,ESP 30Y,30,4.0,102.1403,0.1907,101.9832,102.3372,3.8781,0.17696,3,1,2.9,7,102.1603,0,1,102.1219
RFQ_0734,2025-11-14 01:41:34,ESP 5Y,5,3.25,99.4197,0.09008,99.3769,99.4671,3.3781,0.04507,2,2,2.45,3,99.3955,0,1,99.4129
RFQ_0735,2025-11-14 01:50:20,ESP 10Y,10,3.5,99.2554,0.20136,99.1857,99.3503,3.5899,0.08229,3,1,2.39,7,99.3287,0,1,99.301
RFQ_0736,2025-11-14 01:55:14,ESP 5Y,5,3.25,99.437,0.04848,99.3955,99.4857,3.3743,0.04507,2,1,12.66,3,99.4493,0,1,99.4465
RFQ_0737,2025-11-14 01:57:21,ESP 10Y,10,3.5,99.2246,0.10915,99.1557,99.3203,3.5937,0.08229,1,1,6.64,3,99.2505,0,0,
RFQ_0738,2025-11-14 01:58:30,ESP 30Y,30,4.0,101.9212,0.30447,101.7351,102.0891,3.8904,0.17696,2,2,20.86,8,101.805,0,0,
RFQ_0739,2025-11-14 01:59:34,ESP 10Y,10,3.5,99.2239,0.18056,99.1462,99.3108,3.5938,0.08229,2,1,4.77,7,99.2585,0,1,99.232
RFQ_0740,2025-11-14 02:00:44,ESP 15Y,15,3.75,99.4528,0.14353,99.3458,99.5704,3.7985,0.11228,2,2,4.66,3,99.4116,0,1,99.4416
RFQ_0741,2025-11-14 02:06:44,ESP 10Y,10,3.5,99.2283,0.09605,99.14,99.3046,3.5932,0.08229,2,2,7.34,1,99.151,1,0,
RFQ_0742,2025-11-14 02:11:55,ESP 10Y,10,3.5,99.2166,0.17981,99.1191,99.2837,3.5946,0.08229,2,2,9.43,6,99.1834,0,1,99.212
RFQ_0743,2025-11-14 02:25:45,ESP 10Y,10,3.5,99.2269,0.08446,99.1324,99.297,3.5934,0.08229,3,1,2.25,5,99.2879,0,1,99.2876
RFQ_0744,2025-11-14 02:37:43,ESP 15Y,15,3.75,99.4691,0.24578,99.3545,99.5791,3.7971,0.11228,3,2,10.88,6,99.3906,0,0,
RFQ_0745,2025-11-14 02:37:59,ESP 30Y,30,4.0,102.1058,0.25908,101.9431,102.2971,3.88,0.17696,3,2,3.15,15,102.0514,0,1,102.0707
RFQ_0746,2025-11-14 02:46:19,ESP 10Y,10,3.5,99.2113,0.18953,99.1415,99.3061,3.5953,0.08229,3,2,12.18,10,99.2038,0,0,
RFQ_0747,2025-11-14 02:53:39,ESP 10Y,10,3.5,99.2137,0.09547,99.14,99.3046,3.595,0.08229,3,1,1.35,2,99.2755,0,1,99.2463
RFQ_0748,2025-11-14 03:07:25,ESP 15Y,15,3.75,99.4696,0.27078,99.3542,99.5788,3.797,0.11228,1,2,17.18,10,99.4893,0,1,99.503
RFQ_0749,2025-11-14 03:13:47,ESP 10Y,10,3.5,99.2062,0.10399,99.1378,99.3024,3.5959,0.08229,2,1,13.61,1,99.2462,1,0,
RFQ_0750,2025-11-14 03:26:25,ESP 5Y,5,3.25,99.4326,0.09176,99.3844,99.4746,3.3752,0.04507,3,1,3.25,10,99.4729,0,1,99.4631
RFQ_0751,2025-11-14 03:28:47,ESP 10Y,10,3.5,99.2278,0.15816,99.1491,99.3137,3.5933,0.08229,2,2,11.21,1,99.1898,1,0,
RFQ_0752,2025-11-14 03:31:28,ESP 2Y,2,2.75,99.4732,0.0448,99.4567,99.4949,3.0254,0.01906,3,1,0.89,6,99.482,0,1,99.4798
RFQ_0753,2025-11-14 03:33:19,ESP 15Y,15,3.75,99.4729,0.16882,99.3657,99.5903,3.7967,0.11228,3,2,6.93,6,99.4405,0,1,99.4775
RFQ_0754,2025-11-14 03:50:50,ESP 2Y,2,2.75,99.4764,0.02745,99.4544,99.4926,3.0237,0.01906,3,2,0.58,2,99.4545,0,1,99.4575
RFQ_0755,2025-11-14 03:59:26,ESP 15Y,15,3.75,99.441,0.25514,99.3125,99.5371,3.7996,0.11228,2,2,1.86,12,99.4139,0,1,99.4388
RFQ_0756,2025-11-14 04:06:21,ESP 30Y,30,4.0,102.1301,0.28436,101.9687,102.3227,3.8786,0.17696,3,2,1.57,5,101.9712,0,1,101.9834
RFQ_0757,2025-11-14 04:07:41,ESP 10Y,10,3.5,99.223,0.19622,99.1634,99.328,3.5939,0.08229,3,2,6.03,6,99.1764,0,1,99.1882
RFQ_0758,2025-11-14 04:07:51,ESP 30Y,30,4.0,102.1145,0.271,101.9552,102.3092,3.8795,0.17696,1,2,16.54,3,102.1461,0,0,
RFQ_0759,2025-11-14 04:14:47,ESP 10Y,10,3.5,99.2542,0.08266,99.1502,99.3148,3.5901,0.08229,1,1,24.21,12,99.272,0,0,
RFQ_0760,2025-11-14 04:32:38,ESP 15Y,15,3.75,99.4925,0.22087,99.3986,99.6232,3.795,0.11228,3,1,4.25,15,99.5482,0,1,99.528
RFQ_0761,2025-11-14 04:36:46,ESP 5Y,5,3.25,99.4299,0.06601,99.3796,99.4698,3.3758,0.04507,2,1,5.08,1,99.4348,1,0,
RFQ_0762,2025-11-14 04:40:10,ESP 2Y,2,2.75,99.47,0.04142,99.4522,99.4904,3.0271,0.01906,3,1,2.22,5,99.4887,0,0,
RFQ_0763,2025-11-14 04:40:58,ESP 30Y,30,4.0,102.0862,0.33231,101.8941,102.2481,3.8811,0.17696,3,1,0.59,2,102.2025,0,1,102.1573
RFQ_0764,2025-11-14 04:42:25,ESP 2Y,2,2.75,99.4706,0.03987,99.4504,99.4886,3.0268,0.01906,1,2,55.35,10,99.4691,0,0,
RFQ_0765,2025-11-14 04:44:19,ESP 10Y,10,3.5,99.2249,0.18314,99.1439,99.3085,3.5936,0.08229,2,2,8.55,7,99.2036,0,1,99.2177
RFQ_0766,2025-11-14 04:45:37,ESP 30Y,30,4.0,102.084,0.23122,101.9517,102.3057,3.8812,0.17696,3,1,2.97,7,102.1747,0,1,102.137
RFQ_0767,2025-11-14 04:50:00,ESP 30Y,30,4.0,102.0283,0.36716,101.8457,102.1997,3.8843,0.17696,3,1,3.36,15,102.1353,0,0,
RFQ_0768,2025-11-14 04:50:03,ESP 10Y,10,3.5,99.1986,0.18878,99.1269,99.2915,3.5968,0.08229,3,2,8.06,5,99.16,0,1,99.1662
RFQ_0769,2025-11-14 04:51:10,ESP 15Y,15,3.75,99.4756,0.15825,99.3616,99.5862,3.7965,0.11228,3,2,4.05,6,99.4041,0,1,99.4266
RFQ_0770,2025-11-14 04:56:22,ESP 10Y,10,3.5,99.2379,0.16372,99.1641,99.3287,3.5921,0.08229,2,1,4.55,15,99.2607,0,1,99.2402
RFQ_0771,2025-11-14 05:00:35,ESP 10Y,10,3.5,99.2032,0.10477,99.1051,99.2697,3.5963,0.08229,3,2,3.22,4,99.1258,0,1,99.135
RFQ_0772,2025-11-14 05:10:54,ESP 10Y,10,3.5,99.2121,0.10382,99.1359,99.3005,3.5952,0.08229,1,2,16.28,2,99.2213,0,1,99.2249
RFQ_0773,2025-11-14 05:23:21,ESP 5Y,5,3.25,99.4221,0.05723,99.384,99.4742,3.3776,0.04507,1,2,22.26,4,99.4095,0,1,99.4132
RFQ_0774,2025-11-14 05:26:01,ESP 10Y,10,3.5,99.2064,0.13001,99.1507,99.3153,3.5959,0.08229,1,2,7.74,4,99.2031,1,0,
RFQ_0775,2025-11-14 05:35:15,ESP 15Y,15,3.75,99.4783,0.22394,99.3891,99.6137,3.7963,0.11228,3,2,4.89,8,99.3892,0,1,99.404
RFQ_0776,2025-11-14 05:37:32,ESP 5Y,5,3.25,99.4355,0.0781,99.3828,99.473,3.3746,0.04507,3,2,3.95,12,99.4214,0,1,99.4256
RFQ_0777,2025-11-14 05:43:33,ESP 10Y,10,3.5,99.2071,0.10875,99.1074,99.272,3.5958,0.08229,1,2,15.9,12,99.2113,0,1,99.2292
RFQ_0778,2025-11-14 05:58:41,ESP 5Y,5,3.25,99.4179,0.07102,99.3706,99.4608,3.3785,0.04507,2,1,2.0,3,99.4484,0,1,99.4404
RFQ_0779,2025-11-14 06:01:26,ESP 15Y,15,3.75,99.4857,0.14487,99.3912,99.6158,3.7956,0.11228,2,2,5.04,8,99.4615,0,1,99.4726
RFQ_0780,2025-11-14 06:08:28,ESP 5Y,5,3.25,99.4397,0.04645,99.3989,99.4891,3.3737,0.04507,2,2,8.42,5,99.4261,0,1,99.4274
RFQ_0781,2025-11-14 06:09:02,ESP 5Y,5,3.25,99.4421,0.09739,99.4049,99.4951,3.3731,0.04507,1,1,20.92,2,99.4473,0,1,99.4467
RFQ_0782,2025-11-14 06:14:08,ESP 5Y,5,3.25,99.4449,0.10558,99.3899,99.4801,3.3725,0.04507,2,2,4.08,5,99.4109,0,0,
RFQ_0783,2025-11-14 06:19:18,ESP 30Y,30,4.0,102.0863,0.26079,101.8784,102.2324,3.8811,0.17696,2,2,7.34,5,101.9713,0,1,101.9852
RFQ_0784,2025-11-14 06:20:14,ESP 10Y,10,3.5,99.2505,0.20417,99.1747,99.3393,3.5905,0.08229,1,1,3.82,3,99.2463,0,1,99.2262
RFQ_0785,2025-11-14 06:24:43,ESP 10Y,10,3.5,99.2611,0.16501,99.1872,99.3518,3.5892,0.08229,3,2,4.43,6,99.1961,0,0,
RFQ_0786,2025-11-14 06:27:48,ESP 10Y,10,3.5,99.2236,0.18131,99.1187,99.2833,3.5938,0.08229,2,1,6.18,2,99.255,0,1,99.2493
RFQ_0787,2025-11-14 06:37:25,ESP 5Y,5,3.25,99.4276,0.08178,99.3842,99.4744,3.3763,0.04507,3,1,1.4,12,99.4423,0,1,99.4358
RFQ_0788,2025-11-14 06:39:01,ESP 10Y,10,3.5,99.228,0.11827,99.1525,99.3171,3.5933,0.08229,2,2,3.19,12,99.2111,0,1,99.2276
RFQ_0789,2025-11-14 06:43:48,ESP 5Y,5,3.25,99.4308,0.05861,99.3817,99.4719,3.3756,0.04507,3,2,2.6,3,99.4083,0,0,
RFQ_0790,2025-11-14 06:53:36,ESP 10Y,10,3.5,99.2196,0.18685,99.1406,99.3052,3.5943,0.08229,2,1,15.49,8,99.2696,0,1,99.2487
RFQ_0791,2025-11-14 06:56:47,ESP 5Y,5,3.25,99.4128,0.11258,99.364,99.4542,3.3796,0.04507,3,2,2.77,12,99.3675,0,1,99.3805
RFQ_0792,2025-11-14 06:58:32,ESP 10Y,10,3.5,99.1972,0.17352,99.1288,99.2934,3.597,0.08229,2,2,4.71,2,99.1851,0,1,99.1987
RFQ_0793,2025-11-14 07:09:50,ESP 5Y,5,3.25,99.4209,0.08294,99.371,99.4612,3.3778,0.04507,2,2,10.31,6,99.4062,0,1,99.4069
RFQ_0794,2025-11-14 07:15:01,ESP 10Y,10,3.5,99.2085,0.12264,99.135,99.2996,3.5956,0.08229,3,1,2.06,2,99.2522,0,1,99.2387
RFQ_0795,2025-11-14 07:15:40,ESP 10Y,10,3.5,99.2426,0.16658,99.141,99.3056,3.5915,0.08229,1,2,13.38,7,99.2546,0,1,99.2744
RFQ_0796,2025-11-14 07:20:36,ESP 30Y,30,4.0,101.9692,0.41927,101.8062,102.1602,3.8877,0.17696,2,1,3.61,5,102.0767,0,1,102.0643
RFQ_0797,2025-11-14 07:25:59,ESP 15Y,15,3.75,99.5331,0.22294,99.4259,99.6505,3.7914,0.11228,3,2,0.54,5,99.4539,0,0,
RFQ_0798,2025-11-14 07:33:36,ESP 30Y,30,4.0,102.0312,0.37901,101.8618,102.2158,3.8842,0.17696,1,1,21.28,4,101.9873,0,1,101.9461
RFQ_0799,2025-11-14 07:46:31,ESP 15Y,15,3.75,99.4687,0.23602,99.3544,99.579,3.7971,0.11228,2,2,15.9,15,99.436,0,1,99.4653
RFQ_0800,2025-11-14 07:52:14,ESP 15Y,15,3.75,99.4131,0.18608,99.2698,99.4944,3.8021,0.11228,1,1,16.91,12,99.4241,0,0,
